https://www.google.com/maps/place/Si%C3%AAu+Th%E1%BB%8B+M%E1%BA%B9+B%E1%BA%A7u+%26+Em+B%C3%A9+Con+C%C6%B0ng/data=!4m7!3m6!1s0x3135abc40a8c052d:0xecc45e16abf12370!8m2!3d21.0269875!4d105.8095799!16s%2Fg%2F11tk3h13cx!19sChIJLQWMCsSrNTERcCPxqxZexOw?authuser=0&hl=en&rclk=1,Siêu Thị Mẹ Bầu & Em Bé Con Cưng,"933 Đ. La Thành, Láng Thượng, Ba Đình, Hà Nội 100000",Open ⋅ Closes 9:30 PM,1.0,1800 6609,21.0269875,105.8095799
https://www.google.com/maps/place/M%E1%BA%B9+v%C3%A0+B%C3%A9/data=!4m7!3m6!1s0x3135ad591dddecb5:0x5b08cec2d0fb2e5d!8m2!3d20.9995508!4d105.8536091!16s%2Fg%2F11pdrzl2vs!19sChIJtezdHVmtNTERXS770MLOCFs?authuser=0&hl=en&rclk=1,Mẹ và Bé,"121 P. Chùa Quỳnh, Bạch Mai, Hai Bà Trưng, Hà Nội 12356",Open 24 hours,5.0,"XVX3+RC Hai Bà Trưng District, Hanoi",20.9995508,105.8536091
https://www.google.com/maps/place/Si%C3%AAu+Th%E1%BB%8B+M%E1%BA%B9+V%C3%A0+B%C3%A9+OVmart+-+L%C3%AA+Tr%E1%BB%8Dng+T%E1%BA%A5n/data=!4m7!3m6!1s0x3135ac63d77746d1:0x1fe34b8c0a53481f!8m2!3d20.9918395!4d105.832637!16s%2Fg%2F11hd1qhmwh!19sChIJ0UZ312OsNTERH0hTCoxL4x8?authuser=0&hl=en&rclk=1,Siêu Thị Mẹ Và Bé OVmart - Lê Trọng Tấn,"220 P. Lê Trọng Tấn, Định Công, Thanh Xuân, Hà Nội",Open ⋅ Closes 10 PM,4.4,0968 475 823,20.9918395,105.832637
https://www.google.com/maps/place/Si%C3%AAu+th%E1%BB%8B+m%E1%BA%B9+v%C3%A0+b%C3%A9+Violet+Pham/data=!4m7!3m6!1s0x3135ab4a835695d7:0xc72b6e04aa94a450!8m2!3d21.0364225!4d105.7843016!16s%2Fg%2F1thzlcc2!19sChIJ15VWg0qrNTERUKSUqgRuK8c?authuser=0&hl=en&rclk=1,Siêu thị mẹ và bé Violet Pham,"197 Đ. Xuân Thủy, Dịch Vọng Hậu, Cầu Giấy, Hà Nội",Closed ⋅ Opens 8 AM Mon,4.3,"2QPM+HP Cầu Giấy, Hanoi",21.0364225,105.7843016
https://www.google.com/maps/place/Si%C3%AAu+Th%E1%BB%8B+M%E1%BA%B9+V%C3%A0+B%C3%A9+Baby+Kid/data=!4m7!3m6!1s0x3135ac886ec4b2d5:0x2588df4eca86226d!8m2!3d20.9969337!4d105.8268579!16s%2Fg%2F1pzr1wnx3!19sChIJ1bLEboisNTERbSKGyk7fiCU?authuser=0&hl=en&rclk=1,Siêu Thị Mẹ Và Bé Baby Kid,"214 P. Nguyễn Ngọc Nại, Khương Mai, Thanh Xuân, Hà Nội",Open ⋅ Closes 9:30 PM,3.0,"XRWG+QP Thanh Xuân, Hanoi",20.9969337,105.8268579
https://www.google.com/maps/place/Si%C3%AAu+th%E1%BB%8B+m%E1%BA%B9+b%E1%BA%A7u+v%C3%A0+em+b%C3%A9+KidsPlaza+47+C%E1%BB%95+Nhu%E1%BA%BF/data=!4m7!3m6!1s0x3134551a6b5aee05:0xf053fcf4fcdab94f!8m2!3d21.0598968!4d105.7823021!16s%2Fg%2F11h1lthhnm!19sChIJBe5aaxpVNDERT7na_PT8U_A?authuser=0&hl=en&rclk=1,Siêu thị mẹ bầu và em bé KidsPlaza 47 Cổ Nhuế,"47 Đ. Cổ Nhuế, Cổ Nhuế, Hà Nội, 100000",Open ⋅ Closes 10 PM,4.0,0901 738 633,21.0598968,105.7823021
https://www.google.com/maps/place/Nana%27s+House+-+Si%C3%AAu+th%E1%BB%8B+M%E1%BA%B9+v%C3%A0+B%C3%A9/data=!4m7!3m6!1s0x3135ab2cf2473781:0xd02969a26e8af6aa!8m2!3d21.0268776!4d105.8240057!16s%2Fg%2F11k71t2gh3!19sChIJgTdH8iyrNTERqvaKbqJpKdA?authuser=0&hl=en&rclk=1,Nana's House - Siêu thị Mẹ và Bé,,Open ⋅ Closes 9:30 PM,3.9,,21.0268776,105.8240057
https://www.google.com/maps/place/Shop+M%E1%BA%B9+M%C3%ADp/data=!4m7!3m6!1s0x3135ab690ddb74b1:0xecb52badda7756a1!8m2!3d21.0267731!4d105.8089651!16s%2Fg%2F11ggbsz6p8!19sChIJsXTbDWmrNTERoVZ32q0rtew?authuser=0&hl=en&rclk=1,Shop Mẹ Míp,"89b Dốc viện Phụ Sản, Láng Thượng, Ba Đình, Hà Nội",,4.9,,21.0267731,105.8089651
https://www.google.com/maps/place/Si%C3%AAu+th%E1%BB%8B+m%E1%BA%B9+v%C3%A0+b%C3%A9+Bobbymart/data=!4m7!3m6!1s0x3135abed133b4dbb:0xac93641efaf71429!8m2!3d21.020179!4d105.854487!16s%2Fg%2F1q2w6lrgy!19sChIJu007E-2rNTERKRT3-h5kk6w?authuser=0&hl=en&rclk=1,Siêu thị mẹ và bé Bobbymart,"Sun City, P. Hai Bà Trưng, Phan Chu Trinh, Hoàn Kiếm, Hà Nội",Open ⋅ Closes 9:30 PM,,"2VC3+3Q Hoàn Kiếm, Hanoi",21.020179,105.854487
https://www.google.com/maps/place/ShinKids+-+Si%C3%AAu+Th%E1%BB%8B+M%E1%BA%B9+V%C3%A0+B%C3%A9/data=!4m7!3m6!1s0x3135ab0b2985ffd3:0x637826027e905e3f!8m2!3d21.0232016!4d105.7996655!16s%2Fg%2F11p02qk3hw!19sChIJ0_-FKQurNTERP16QfgImeGM?authuser=0&hl=en&rclk=1,ShinKids - Siêu Thị Mẹ Và Bé,"Ngõ 1008 Đ. Láng, Yên Hoà, Đống Đa, Hà Nội 100000",Open ⋅ Closes 10 PM,5.0,"2QFX+7V Đống Đa, Hanoi",21.0232016,105.7996655
https://www.google.com/maps/place/M%E1%BA%B9+Ch%C3%A2u+Ch%E1%BA%A5u+Store/data=!4m7!3m6!1s0x3135ab1177f66e2f:0x2fc948818237110d!8m2!3d21.0182333!4d105.80597!16s%2Fg%2F11f5_kyvvq!19sChIJL272dxGrNTERDRE3goFIyS8?authuser=0&hl=en&rclk=1,Mẹ Châu Chấu Store,"Ngõ 74 Nguyễn Chí Thanh, Láng Thượng, Đống Đa, Hà Nội 11512",Open ⋅ Closes 9 PM,5.0,"2R94+79 Đống Đa, Hanoi",21.0182333,105.80597
https://www.google.com/maps/place/Shop+M%E1%BA%B9+V%C3%A0+B%C3%A9/data=!4m7!3m6!1s0x3135abf154bf89db:0x28e0088f3056bf1e!8m2!3d21.0124106!4d105.8584255!16s%2Fg%2F1jkvlpnwr!19sChIJ24m_VPGrNTERHr9WMI8I4Cg?authuser=0&hl=en&rclk=1,Shop Mẹ Và Bé,"148 P. Lò Đúc, P, Hai Bà Trưng, Hà Nội 100000",Open ⋅ Closes 9:30 PM,4.0,"2V65+X9 Hai Bà Trưng District, Hanoi",21.0124106,105.8584255
https://www.google.com/maps/place/V%C6%B0%E1%BB%9Dn+C%E1%BB%A7a+B%C3%A9+-+70+Tr%E1%BA%A7n+B%C3%ACnh/data=!4m7!3m6!1s0x313455b527797129:0xc004bf939d129272!8m2!3d21.0315512!4d105.7780622!16s%2Fg%2F11fmgzg5yk!19sChIJKXF5J7VVNDERcpISnZO_BMA?authuser=0&hl=en&rclk=1,Vườn Của Bé - 70 Trần Bình,"70 P. Trần Bình, Mỹ Đình, Cầu Giấy, Hà Nội 100000",Open ⋅ Closes 10 PM,4.6,0968 977 022,21.0315512,105.7780622
https://www.google.com/maps/place/H%E1%BB%87+Th%E1%BB%91ng+C%E1%BB%ADa+H%C3%A0ng+M%E1%BA%B9+v%C3%A0+B%C3%A9+Bibo+Mart+-+Th%E1%BA%BF+Gi%E1%BB%9Bi+%C4%90%E1%BB%93+S%C6%A1+Sinh+-+La+Th%C3%A0nh/data=!4m7!3m6!1s0x3135ac0e31b7513b:0xed0d2a6639f91396!8m2!3d21.026116!4d105.810449!16s%2Fg%2F11fyxbspb0!19sChIJO1G3MQ6sNTERlhP5OWYqDe0?authuser=0&hl=en&rclk=1,Hệ Thống Cửa Hàng Mẹ và Bé Bibo Mart - Thế Giới Đồ Sơ Sinh - La Thành,"994 Đường Đ. La Thành, Ngọc Khánh, Ba Đình, Hà Nội 100000",Open ⋅ Closes 10 PM,3.5,1800 6886,21.026116,105.810449
https://www.google.com/maps/place/si%C3%AAu+th%E1%BB%8B+m%E1%BA%B9+v%C3%A0+b%C3%A9/data=!4m7!3m6!1s0x3135ab1abf29b0cf:0x221c44d70af4247f!8m2!3d21.0880965!4d105.8114054!16s%2Fg%2F11g_x8h6rq!19sChIJz7ApvxqrNTERfyT0CtdEHCI?authuser=0&hl=en&rclk=1,siêu thị mẹ và bé,,Closed ⋅ Opens 7 AM Mon,,,21.0880965,105.8114054
https://www.google.com/maps/place/Kids+Plaza+Nguy%E1%BB%85n+Ho%C3%A0ng/data=!4m7!3m6!1s0x313455aee8c9b88f:0x723dffd818840b8c!8m2!3d21.0302455!4d105.7751977!16s%2Fg%2F11j3x4kn1r!19sChIJj7jJ6K5VNDERjAuEGNj_PXI?authuser=0&hl=en&rclk=1,Kids Plaza Nguyễn Hoàng,"18 Nguyễn Hoàng, Phường Mỹ Đình 2, Quận Nam Từ Liêm, Hà Nộ, Hà Nội, 100000",Open ⋅ Closes 10 PM,4.1,024 6673 6060,21.0302455,105.7751977
https://www.google.com/maps/place/Mother+And+Baby+Supermarket/data=!4m7!3m6!1s0x31345329c2ecfbc3:0x139632e16b69b72b!8m2!3d20.9691239!4d105.7746291!16s%2Fg%2F1pztlb60q!19sChIJw_vswilTNDERK7dpa-EylhM?authuser=0&hl=en&rclk=1,Mother And Baby Supermarket,"167, Đường Quang Trung, Phường Hà Cầu, Quận Hà Đông, P. Quang Trung, Hà Đông, Hà Nội",Open ⋅ Closes 10 PM,2.0,"XQ9F+JV Hà Đông, Hanoi",20.9691239,105.7746291
https://www.google.com/maps/place/Mother+And+Baby+Supermarket/data=!4m7!3m6!1s0x3135acc603524245:0x6b7eb5786130da3c!8m2!3d20.9853766!4d105.7940992!16s%2Fg%2F1pztfycl5!19sChIJRUJSA8asNTERPNowYXi1fms?authuser=0&hl=en&rclk=1,Mother And Baby Supermarket,"11A, Đường Đường Trần Phú, P. Văn Quán, Hà Đông, Hà Nội",Open ⋅ Closes 10 PM,,024 6291 1680,20.9853766,105.7940992
https://www.google.com/maps/place/Shop+Me+Va+Be/data=!4m7!3m6!1s0x3135ab73e3312da7:0x68ab3aea3e5f8ee5!8m2!3d21.0278304!4d105.8223289!16s%2Fg%2F11fnwhfbvp!19sChIJpy0x43OrNTER5Y5fPuo6q2g?authuser=0&hl=en&rclk=1,Shop Me Va Be,"105 P. Giảng Võ, Giảng Võ, Hoàn Kiếm, Hà Nội",Open ⋅ Closes 9:30 PM,,,21.0278304,105.8223289
https://www.google.com/maps/place/Si%C3%AAu+th%E1%BB%8B+MB+Mart+-+MBMart.com.vn/data=!4m7!3m6!1s0x31345497958751df:0x9082e32e3c3709e6!8m2!3d21.0356015!4d105.7677853!16s%2Fg%2F11h7s4v0sx!19sChIJ31GHlZdUNDER5gk3PC7jgpA?authuser=0&hl=en&rclk=1,Siêu thị MB Mart - MBMart.com.vn,"11 - TT02 Khu Đô Thị HDMon, Nam Từ Liêm, Hà Nội 10000",Open ⋅ Closes 9:30 PM,4.4,0962 119 922,21.0356015,105.7677853
https://www.google.com/maps/place/Si%C3%AAu+th%E1%BB%8B+M%E1%BA%B9+v%C3%A0+B%C3%A9/data=!4m7!3m6!1s0x3135adc344d7f979:0x63642baf37202cd!8m2!3d21.0046133!4d105.7998001!16s%2Fg%2F11jvdy68c2!19sChIJefnXRMOtNTERzQJy87pCNgY?authuser=0&hl=en&rclk=1,Siêu thị Mẹ và Bé,"25 P. Nguyễn Thị Thập, Nhân Chính, Cầu Giấy, Hà Nội 13413",,,,21.0046133,105.7998001
https://www.google.com/maps/place/Si%C3%AAu+th%E1%BB%8B+M%E1%BA%B9+b%E1%BA%A7u+v%C3%A0+em+b%C3%A9+KidsPlaza+28+Kh%C6%B0%C6%A1ng+Trung/data=!4m7!3m6!1s0x3135adc4bc08d153:0xc1baaed34a627197!8m2!3d20.9987229!4d105.8186711!16s%2Fg%2F11rtvrz95z!19sChIJU9EIvMStNTERl3FiStOuusE?authuser=0&hl=en&rclk=1,Siêu thị Mẹ bầu và em bé KidsPlaza 28 Khương Trung,"28 P.Khương Trung, Khương Trung, Thanh Xuân, Hà Nội",Open ⋅ Closes 10 PM,3.9,024 7300 0606,20.9987229,105.8186711
https://www.google.com/maps/place/Kids+Plaza/data=!4m7!3m6!1s0x3135ab0ae8ff787b:0x753e2c99a380b7a6!8m2!3d21.0342524!4d105.8272627!16s%2Fg%2F1hm4jj1v9!19sChIJe3j_6AqrNTERpreAo5ksPnU?authuser=0&hl=en&rclk=1,Kids Plaza,"56 P. Giang Văn Minh, Đội Cấn, Ba Đình, Hà Nội 100000",Open ⋅ Closes 10 PM,3.7,"2RMG+PW Ba Đình, Hanoi",21.0342524,105.8272627
https://www.google.com/maps/place/Shop+M%E1%BA%B9+v%C3%A0+B%C3%A9+LOVE+BABY/data=!4m7!3m6!1s0x3135ad002c275139:0xb6bf5421d8a58c08!8m2!3d21.0024286!4d105.8107869!16s%2Fg%2F11vwnkxz4_!19sChIJOVEnLACtNTERCIyl2CFUv7Y?authuser=0&hl=en&rclk=1,Shop Mẹ và Bé LOVE BABY,"189 P. Quan Nhân, Nhân Chính, Thanh Xuân, Hà Nội",,5.0,,21.0024286,105.8107869
https://www.google.com/maps/place/Jolly+Kids+Si%C3%AAu+th%E1%BB%8B+M%E1%BA%B9+v%C3%A0+b%C3%A9/data=!4m7!3m6!1s0x3135affcf7239f11:0x4a21b5dea6039ad8!8m2!3d20.9705656!4d105.8787413!16s%2Fg%2F11j436f1l9!19sChIJEZ8j9_yvNTER2JoDpt61IUo?authuser=0&hl=en&rclk=1,Jolly Kids Siêu thị Mẹ và bé,"20 Đường 2-2, Trần Phú, Hoàng Mai, Hà Nội",Open ⋅ Closes 10 PM,5.0,0934 433 312,20.9705656,105.8787413
https://www.google.com/maps/place/Si%C3%AAu+th%E1%BB%8B+m%E1%BA%B9+b%E1%BA%A7u+v%C3%A0+em+b%C3%A9+KidsPlaza+90+Nguy%E1%BB%85n+Kh%C3%A1nh+To%C3%A0n/data=!4m7!3m6!1s0x3135ab48716b6dc7:0x40bb1513ee32ddc8!8m2!3d21.0370801!4d105.8021438!16s%2Fg%2F11c5rqfs87!19sChIJx21rcUirNTERyN0y7hMVu0A?authuser=0&hl=en&rclk=1,Siêu thị mẹ bầu và em bé KidsPlaza 90 Nguyễn Khánh Toàn,"90 Đ. Nguyễn Khánh Toàn, Quan Hoa, Cầu Giấy, Hà Nội 100000",Open ⋅ Closes 10 PM,2.7,"2RP2+RV Cầu Giấy, Hanoi",21.0370801,105.8021438
https://www.google.com/maps/place/Si%C3%AAu+th%E1%BB%8B+m%E1%BA%B9+b%E1%BA%A7u+v%C3%A0+em+b%C3%A9+Kids+Plaza+Tr%E1%BA%A7n+Th%C3%A1i+T%C3%B4ng/data=!4m7!3m6!1s0x3135ab3f1270d933:0x94f27582840608e9!8m2!3d21.0347745!4d105.7893698!16s%2Fg%2F12616zq2p!19sChIJM9lwEj-rNTER6QgGhIJ18pQ?authuser=0&hl=en&rclk=1,Siêu thị mẹ bầu và em bé Kids Plaza Trần Thái Tông,"41 P.Trần Thái Tông, Dịch Vọng, Cầu Giấy, Hà Nội",Open ⋅ Closes 10 PM,3.9,"2QMQ+WP Cầu Giấy, Hanoi",21.0347745,105.7893698
https://www.google.com/maps/place/Si%C3%AAu+th%E1%BB%8B+m%E1%BA%B9+b%C3%A9+Concung.com+Ba+%C4%90%C3%ACnh/data=!4m7!3m6!1s0x3135ab8a534d4c55:0xa998152f28040108!8m2!3d21.0269875!4d105.8095799!16s%2Fg%2F11f5vyg7ml!19sChIJVUxNU4qrNTERCAEEKC8VmKk?authuser=0&hl=en&rclk=1,Siêu thị mẹ bé Concung.com Ba Đình,"933 Đ. La Thành, Láng Thượng, Ba Đình, Hà Nội",Open ⋅ Closes 9:30 PM,1.8,1800 6609,21.0269875,105.8095799
https://www.google.com/maps/place/Si%C3%AAu+Th%E1%BB%8B+M%E1%BA%B9+B%E1%BA%A7u+%26+Em+B%C3%A9+Con+C%C6%B0ng/data=!4m7!3m6!1s0x3135ad47684ac681:0x8fa2e9789e91780d!8m2!3d21.0001789!4d105.8284289!16s%2Fg%2F11jzxmt3dy!19sChIJgcZKaEetNTERDXiRnnjpoo8?authuser=0&hl=en&rclk=1,Siêu Thị Mẹ Bầu & Em Bé Con Cưng,"TTTM Go!, P. Lê Trọng Tấn, Hà Nội",Open ⋅ Closes 9:30 PM,3.3,,21.0001789,105.8284289
https://www.google.com/maps/place/H%E1%BB%87+Th%E1%BB%91ng+C%E1%BB%ADa+H%C3%A0ng+M%E1%BA%B9+v%C3%A0+B%C3%A9+Bibo+Mart+-+Th%E1%BA%BF+Gi%E1%BB%9Bi+%C4%90%E1%BB%93+S%C6%A1+Sinh+S%C6%A1n+T%C3%A2y/data=!4m7!3m6!1s0x3135aba1dad415e7:0xf5d8826c989e8aab!8m2!3d21.033048!4d105.8328419!16s%2Fg%2F124ym4gtq!19sChIJ5xXU2qGrNTERq4qemGyC2PU?authuser=0&hl=en&rclk=1,Hệ Thống Cửa Hàng Mẹ và Bé Bibo Mart - Thế Giới Đồ Sơ Sinh Sơn Tây,"20 P. Sơn Tây, Điện Biên, Ba Đình, Hà Nội",Open ⋅ Closes 10 PM,3.6,1800 6886,21.033048,105.8328419
https://www.google.com/maps/place/H%E1%BB%87+Th%E1%BB%91ng+C%E1%BB%ADa+H%C3%A0ng+M%E1%BA%B9+v%C3%A0+B%C3%A9+Bibo+Mart+-+Th%E1%BA%BF+Gi%E1%BB%9Bi+%C4%90%E1%BB%93+S%C6%A1+Sinh+-+H%E1%BB%93+T%C3%B9ng+M%E1%BA%ADu/data=!4m7!3m6!1s0x313454c70a967f23:0x3518c748d686ff83!8m2!3d21.0406746!4d105.765172!16s%2Fg%2F11bxgztrs2!19sChIJI3-WCsdUNDERg_-G1kjHGDU?authuser=0&hl=en&rclk=1,Hệ Thống Cửa Hàng Mẹ và Bé Bibo Mart - Thế Giới Đồ Sơ Sinh - Hồ Tùng Mậu,"298 Đường Hồ Tùng Mậu, Cầu Diễn, Nam Từ Liêm, Việt Nam, Từ Liêm, Hà Nội 100000",Open ⋅ Closes 10 PM,3.7,1800 6886,21.0406746,105.765172
https://www.google.com/maps/place/Si%C3%AAu+Th%E1%BB%8B+M%E1%BA%B9+B%E1%BA%A7u+%26+Em+B%C3%A9+Con+C%C6%B0ng/data=!4m7!3m6!1s0x3135ada1fe07bf5d:0x188e7325c50822d9!8m2!3d21.0073921!4d105.7931198!16s%2Fg%2F11sby3tv0t!19sChIJXb8H_qGtNTER2SIIxSVzjhg?authuser=0&hl=en&rclk=1,Siêu Thị Mẹ Bầu & Em Bé Con Cưng,"TTM Go! Thăng Long, 222 Đ. Trần Duy Hưng, Trung Hoà, Cầu Giấy, Hà Nội 100000",Open ⋅ Closes 9:30 PM,1.0,1800 6609,21.0073921,105.7931198
https://www.google.com/maps/place/M%E1%BA%B9+v%C3%A0+B%C3%A9/data=!4m7!3m6!1s0x3134557bf9a8469d:0xc0f7036458471e4!8m2!3d21.0613325!4d105.7813188!16s%2Fg%2F11sthwb98f!19sChIJnUao-XtVNDER5HGERTZwDww?authuser=0&hl=en&rclk=1,Mẹ và Bé,"96 Đ. Cổ Nhuế, Cổ Nhuế, Hà Nội",,,,21.0613325,105.7813188
https://www.google.com/maps/place/ShopmevabeHato/data=!4m7!3m6!1s0x3135ab3beb9af273:0xb6bb74f96fa4afc5!8m2!3d21.0260001!4d105.8290279!16s%2Fg%2F11j8kfghjh!19sChIJc_Ka6zurNTERxa-kb_l0u7Y?authuser=0&hl=en&rclk=1,ShopmevabeHato,"ngách 23 Ng. 168 Hào Nam, Chợ Dừa, Đống Đa, Hà Nội",Open 24 hours,5.0,0987 535 533,21.0260001,105.8290279
https://www.google.com/maps/place/Si%C3%AAu+th%E1%BB%8B+M%E1%BA%B9+b%E1%BA%A7u+v%C3%A0+Em+b%C3%A9+KidsPlaza+1048+%C4%90%C3%AA+La+Th%C3%A0nh/data=!4m7!3m6!1s0x3135ab69ee217181:0x2d8561c46fb7b589!8m2!3d21.0267941!4d105.8099262!16s%2Fg%2F11c70dn8v_!19sChIJgXEh7mmrNTERibW3b8RhhS0?authuser=0&hl=en&rclk=1,Siêu thị Mẹ bầu và Em bé KidsPlaza 1048 Đê La Thành,"1048 Đ. La Thành, Láng Thượng, Ba Đình, Hà Nội 100000",Open ⋅ Closes 10 PM,4.2,024 6652 6600,21.0267941,105.8099262
https://www.google.com/maps/place/Si%C3%AAu+th%E1%BB%8B+m%E1%BA%B9+b%E1%BA%A7u+v%C3%A0+em+b%C3%A9+KidsPlaza+Nguy%E1%BB%85n+H%E1%BB%AFu+Th%E1%BB%8D/data=!4m7!3m6!1s0x3135ad6525ce55d3:0xaaafd5f2435e417a!8m2!3d20.9697017!4d105.8298972!16s%2Fg%2F11f9g7yxjj!19sChIJ01XOJWWtNTERekFeQ_LVr6o?authuser=0&hl=en&rclk=1,Siêu thị mẹ bầu và em bé KidsPlaza Nguyễn Hữu Thọ,"4 Nguyễn Hữu Thọ, Khu đô thị Bắc Linh Đàm, Hoàng Mai, Hà Nội 100000",Open ⋅ Closes 10 PM,4.0,"XR9H+VX Hoàng Mai, Hanoi",20.9697017,105.8298972
https://www.google.com/maps/place/H%E1%BB%87+Th%E1%BB%91ng+C%E1%BB%ADa+H%C3%A0ng+M%E1%BA%B9+v%C3%A0+B%C3%A9+Bibo+Mart+-+Th%E1%BA%BF+Gi%E1%BB%9Bi+%C4%90%E1%BB%93+S%C6%A1+Sinh+-+Ecohome/data=!4m7!3m6!1s0x3135ab33840ed0ed:0x841e4dc1cc9cd0cf!8m2!3d21.0846465!4d105.7853154!16s%2Fg%2F11nnvc8v8w!19sChIJ7dAOhDOrNTERz9CczMFNHoQ?authuser=0&hl=en&rclk=1,Hệ Thống Cửa Hàng Mẹ và Bé Bibo Mart - Thế Giới Đồ Sơ Sinh - Ecohome,"13 Tòa N04 Khu nhà ở Ecohome 3 Bắc Cổ Nhuế- Chèm, P.Đông Ngạc, Q, Bắc Từ Liêm, Hà Nội 100000",Open ⋅ Closes 10 PM,2.9,1800 6886,21.0846465,105.7853154
https://www.google.com/maps/place/V%C6%B0%E1%BB%9Dn+C%E1%BB%A7a+B%C3%A9+-+109+Xu%C3%A2n+%C4%90%E1%BB%89nh/data=!4m7!3m6!1s0x3135ab553b26a095:0xe9c16eaa507dc53f!8m2!3d21.0709474!4d105.8000222!16s%2Fg%2F11y3t534l3!19sChIJlaAmO1WrNTERP8V9UKpuwek?authuser=0&hl=en&rclk=1,Vườn Của Bé - 109 Xuân Đỉnh,"Xuân Đỉnh, Bac Tu Liem, Hanoi 10000",Open ⋅ Closes 10 PM,5.0,0981 977 022,21.0709474,105.8000222
https://www.google.com/maps/place/Si%C3%AAu+th%E1%BB%8B+m%E1%BA%B9+b%E1%BA%A7u+v%C3%A0+em+b%C3%A9+KidsPlaza+211+Trung+K%C3%ADnh/data=!4m7!3m6!1s0x3135ab50c838b6df:0x46f384094fb353f3!8m2!3d21.0193902!4d105.7921987!16s%2Fg%2F11dxbjszv2!19sChIJ37Y4yFCrNTER81OzTwmE80Y?authuser=0&hl=en&rclk=1,Siêu thị mẹ bầu và em bé KidsPlaza 211 Trung Kính,"211 P. Trung Kính, Yên Hoà, Cầu Giấy, Hà Nội 100000",Open ⋅ Closes 10 PM,4.4,024 6682 9977,21.0193902,105.7921987
https://www.google.com/maps/place/TutiCare+M%E1%BA%B9+%26+B%C3%A9/data=!4m7!3m6!1s0x3135ab328aa77c3b:0x8167d49bf3368367!8m2!3d21.0202523!4d105.8544182!16s%2Fg%2F11h86nh265!19sChIJO3ynijKrNTERZ4M285vUZ4E?authuser=0&hl=en&rclk=1,TutiCare Mẹ & Bé,"33A, Hoàn Kiếm, Hà Nội 100000",Open ⋅ Closes 10:30 PM,5.0,"2VC3+4Q Hoàn Kiếm, Hanoi",21.0202523,105.8544182
https://www.google.com/maps/place/M%E1%BA%B9+%26+B%C3%A9+Plaza/data=!4m7!3m6!1s0x3135abdc44d2f47f:0x9db80816afc9b3be!8m2!3d21.0268097!4d105.808832!16s%2Fg%2F11gxxj04wf!19sChIJf_TSRNyrNTERvrPJrxYIuJ0?authuser=0&hl=en&rclk=1,Mẹ & Bé Plaza,"37 Dốc viện Phụ Sản, Láng Thượng, Ba Đình, Hà Nội",Open ⋅ Closes 9 PM,5.0,0964 531 759,21.0268097,105.808832
https://www.google.com/maps/place/Boo+Mart+%28c%E1%BB%ADa+h%C3%A0ng+m%E1%BA%B9+v%C3%A0+b%C3%A9%29/data=!4m7!3m6!1s0x3135adfe3aecd0ab:0xcfad419ecf27efb5!8m2!3d20.9667215!4d105.7826447!16s%2Fg%2F11qbfj9qrn!19sChIJq9DsOv6tNTERte8nz55Brc8?authuser=0&hl=en&rclk=1,Boo Mart (cửa hàng mẹ và bé),"89 P. BàTriệu, Hà Trì, Hà Đông, Hà Nội",,4.2,,20.9667215,105.7826447
https://www.google.com/maps/place/H%E1%BB%87+Th%E1%BB%91ng+C%E1%BB%ADa+H%C3%A0ng+M%E1%BA%B9+v%C3%A0+B%C3%A9+Bibo+Mart+-+Th%E1%BA%BF+Gi%E1%BB%9Bi+%C4%90%E1%BB%93+S%C6%A1+Sinh+-+Nguy%E1%BB%85n+Ch%C3%A1nh/data=!4m7!3m6!1s0x3135aca62d8d250d:0xaf9fb59ff774786e!8m2!3d21.0095431!4d105.7945047!16s%2Fg%2F11gdkqwbn5!19sChIJDSWNLaasNTERbnh095-1n68?authuser=0&hl=en&rclk=1,Hệ Thống Cửa Hàng Mẹ và Bé Bibo Mart - Thế Giới Đồ Sơ Sinh - Nguyễn Chánh,"Số 62 P. Nguyễn Chánh, Trung Hoà, Cầu Giấy, Hà Nội",Open ⋅ Closes 10 PM,2.5,1800 6886,21.0095431,105.7945047
https://www.google.com/maps/place/BubeKids+-+M%E1%BA%B9+V%C3%A0+B%C3%A9/data=!4m7!3m6!1s0x3135afa94df4417d:0xed839ab150534733!8m2!3d20.9908885!4d105.9431146!16s%2Fg%2F11k4svpqfy!19sChIJfUH0TamvNTERM0dTULGag-0?authuser=0&hl=en&rclk=1,BubeKids - Mẹ Và Bé,"Vinhomes Ocean Park, Đa Tốn, Gia Lâm, Hà Nội 12400",Open 24 hours,,0869 964 456,20.9908885,105.9431146
https://www.google.com/maps/place/H%E1%BB%87+Th%E1%BB%91ng+C%E1%BB%ADa+H%C3%A0ng+M%E1%BA%B9+v%C3%A0+B%C3%A9+Bibo+Mart+-+Th%E1%BA%BF+Gi%E1%BB%9Bi+%C4%90%E1%BB%93+S%C6%A1+Sinh+Ph%E1%BA%A1m+Ng%E1%BB%8Dc+Th%E1%BA%A1ch/data=!4m7!3m6!1s0x3135ac7fa8039741:0xf18098796f35c64d!8m2!3d21.0070525!4d105.8318932!16s%2Fg%2F11dx95vz3d!19sChIJQZcDqH-sNTERTcY1b3mYgPE?authuser=0&hl=en&rclk=1,Hệ Thống Cửa Hàng Mẹ và Bé Bibo Mart - Thế Giới Đồ Sơ Sinh Phạm Ngọc Thạch,"84 P.Phạm Ngọc Thạch, Quang Trung, Đống Đa, Hà Nội",Open ⋅ Closes 10 PM,3.1,1800 6886,21.0070525,105.8318932
https://www.google.com/maps/place/Chow+Baby/data=!4m7!3m6!1s0x3135ab35fff15d25:0xf78bc4c00d46fac5!8m2!3d21.0366079!4d105.7879135!16s%2Fg%2F11mx5mdb_z!19sChIJJV3x_zWrNTERxfpGDcDEi_c?authuser=0&hl=en&rclk=1,Chow Baby,"58 Đ. Xuân Thủy, Dịch Vọng Hậu, Cầu Giấy, Hà Nội",Open ⋅ Closes 10 PM,4.5,"2QPQ+J5 Cầu Giấy, Hanoi",21.0366079,105.7879135
https://www.google.com/maps/place/Shop+m%E1%BA%B9+v%C3%A0+b%C3%A9/data=!4m7!3m6!1s0x313455cdd6a7a8c1:0x66076e0b2064d4e8!8m2!3d21.074745!4d105.7032075!16s%2Fg%2F11bztfq4q0!19sChIJwain1s1VNDER6NRkIAtuB2Y?authuser=0&hl=en&rclk=1,Shop mẹ và bé,"Tân Lập, Đan Phượng, Hanoi 100000",Open ⋅ Closes 9:30 PM,5.0,0972 974 814,21.074745,105.7032075
https://www.google.com/maps/place/Kids+Plaza/data=!4m7!3m6!1s0x3135ac83c7c03537:0xd3ce90de6dadc4e9!8m2!3d21.0061731!4d105.8222008!16s%2Fg%2F11c56zs94q!19sChIJNzXAx4OsNTER6cStbd6QztM?authuser=0&hl=en&rclk=1,Kids Plaza,"20 P. Thái Thịnh, Ngã Tư Sở, Đống Đa, Hà Nội 100000",Open ⋅ Closes 10 PM,4.1,"2R4C+FV Đống Đa, Hanoi",21.0061731,105.8222008
https://www.google.com/maps/place/Shop+babyborn.vn+-+%C4%90%E1%BB%93+cho+m%E1%BA%B9+v%C3%A0+b%C3%A9/data=!4m7!3m6!1s0x3135ab12c26665d5:0x7d732cec869a63bc!8m2!3d21.0419948!4d105.8107436!16s%2Fg%2F11h1yv585h!19sChIJ1WVmwhKrNTERvGOahuwsc30?authuser=0&hl=en&rclk=1,Shop babyborn.vn - Đồ cho mẹ và bé,"29 ngách 6/6 Đội Nhân, Vĩnh Phú, Ba Đình, Hà Nội",Open ⋅ Closes 10 PM,3.8,0984 878 881,21.0419948,105.8107436
https://www.google.com/maps/place/Mai+H%C6%B0%C6%A1ng+Baby+Shop/data=!4m7!3m6!1s0x3135abeb53fc4345:0x9e00da1a068a0b6b!8m2!3d21.0119633!4d105.8205015!16s%2Fg%2F11ghrb0sd7!19sChIJRUP8U-urNTERawuKBhraAJ4?authuser=0&hl=en&rclk=1,Mai Hương Baby Shop,"19 ngõ 89 P. Thái Hà, Trung Liệt, Đống Đa, Hà Nội",,4.1,"2R6C+Q6 Đống Đa, Hanoi",21.0119633,105.8205015
https://www.google.com/maps/place/Si%C3%AAu+Thi%CC%A3+Me%CC%A3+-+Be%CC%81/data=!4m7!3m6!1s0x3135a99c4ede9073:0x46568790257430d2!8m2!3d21.0355229!4d105.9104538!16s%2Fg%2F11fcvb5d9k!19sChIJc5DeTpypNTER0jB0JZCHVkY?authuser=0&hl=en&rclk=1,Siêu Thị Mẹ - Bé,"2WP6+654, TT. Sài Đồng, Long Biên, Hà Nội",,5.0,,21.0355229,105.9104538
https://www.google.com/maps/place/shop+M%E1%BA%B9+v%C3%A0+B%C3%A9/data=!4m7!3m6!1s0x3135ad669935f3f7:0x70649de4934c6f0a!8m2!3d21.0061609!4d105.8148805!16s%2Fg%2F11ksng8sqd!19sChIJ9_M1mWatNTERCm9Mk-SdZHA?authuser=0&hl=en&rclk=1,shop Mẹ và Bé,"19 Ng. 213 P. Giáp Nhất, Nhân Chính, Thanh Xuân, Hà Nội",Open 24 hours,,,21.0061609,105.8148805
https://www.google.com/maps/place/Si%C3%AAu+th%E1%BB%8B+m%E1%BA%B9+b%E1%BA%A7u+v%C3%A0+em+b%C3%A9+KidsPlaza+27+Tr%E1%BA%A7n+Duy+H%C6%B0ng/data=!4m7!3m6!1s0x3135abc882ddf3b1:0x8fd6f0844df7b95b!8m2!3d21.0132018!4d105.8028691!16s%2Fg%2F11h67v41wc!19sChIJsfPdgsirNTERW7n3TYTw1o8?authuser=0&hl=en&rclk=1,Siêu thị mẹ bầu và em bé KidsPlaza 27 Trần Duy Hưng,"27 Đ. Trần Duy Hưng, Trung Hoà, Cầu Giấy, Hà Nội 100000",Open ⋅ Closes 10 PM,3.9,024 3556 5566,21.0132018,105.8028691
https://www.google.com/maps/place/Si%C3%AAu+Th%E1%BB%8B+M%E1%BA%B9+B%E1%BA%A7u+%26+Em+B%C3%A9+Con+C%C6%B0ng/data=!4m7!3m6!1s0x3135aba90a2311c9:0x2670109060518eae!8m2!3d21.0350008!4d105.8249627!16s%2Fg%2F11jzxlyz6p!19sChIJyREjCqmrNTERro5RYJAQcCY?authuser=0&hl=en&rclk=1,Siêu Thị Mẹ Bầu & Em Bé Con Cưng,"147K P. Đội Cấn, Đội Cấn, Ba Đình, Hà Nội 100000",Open ⋅ Closes 10 PM,2.0,1800 6609,21.0350008,105.8249627
https://www.google.com/maps/place/Supermarket+mother+and+baby+Kids+Plaza+Hoang+Van+Thai/data=!4m7!3m6!1s0x31752eb1e8bdc5af:0xf1f21fc0950c142c!8m2!3d20.9965268!4d105.8284908!16s%2Fg%2F11csqh_5xg!19sChIJr8W96LEudTERLBQMlcAf8vE?authuser=0&hl=en&rclk=1,Supermarket mother and baby Kids Plaza Hoang Van Thai,"61 P. Hoàng Văn Thái, Khương Mai, Thanh Xuân, Hà Nội 100000",Open ⋅ Closes 10 PM,2.5,"XRWH+J9 Thanh Xuân, Hanoi",20.9965268,105.8284908
https://www.google.com/maps/place/Si%C3%AAu+th%E1%BB%8B+m%E1%BA%B9+b%E1%BA%A7u+v%C3%A0+em+b%C3%A9+Kids+Plaza+Nguy%E1%BB%85n+C%C6%A1+Th%E1%BA%A1ch/data=!4m7!3m6!1s0x313454bb8bc839bb:0x5fb5fc839514d3ec!8m2!3d21.0321922!4d105.7648389!16s%2Fg%2F11cs2hjbhh!19sChIJuznIi7tUNDER7NMUlYP8tV8?authuser=0&hl=en&rclk=1,Siêu thị mẹ bầu và em bé Kids Plaza Nguyễn Cơ Thạch,"C2-1 P. Nguyễn Cơ Thạch, KĐT Mỹ Đình I, Nam Từ Liêm, Hà Nội 100000",Open ⋅ Closes 10 PM,4.0,"2QJ7+VW Nam Từ Liêm, Hanoi",21.0321922,105.7648389
https://www.google.com/maps/place/Si%C3%AAu+th%E1%BB%8B+m%E1%BA%B9+v%C3%A0+b%C3%A9+KidsPlaza+104A+T%C3%B4n+Th%E1%BA%A5t+T%C3%B9ng/data=!4m7!3m6!1s0x3135ac7d800bb291:0x3901562811139bf1!8m2!3d21.006051!4d105.8308676!16s%2Fg%2F11c1txqymd!19sChIJkbILgH2sNTER8ZsTEShWATk?authuser=0&hl=en&rclk=1,Siêu thị mẹ và bé KidsPlaza 104A Tôn Thất Tùng,"104A P. Tôn Thất Tùng, Kim Liên, Đống Đa, Hà Nội 100000",Open ⋅ Closes 9:30 PM,4.1,"2R4J+C8 Đống Đa, Hanoi",21.006051,105.8308676
https://www.google.com/maps/place/Si%C3%AAu+th%E1%BB%8B+m%E1%BA%B9+b%E1%BA%A7u+v%C3%A0+em+b%C3%A9+Kids+Plaza+182B+L%E1%BA%A1c+Trung/data=!4m7!3m6!1s0x3135ac05a60cb53f:0x813e0afda5ca269!8m2!3d21.0030822!4d105.8658739!16s%2Fg%2F11csqh0x2n!19sChIJP7UMpgWsNTERaaJc2q_gEwg?authuser=0&hl=en&rclk=1,Siêu thị mẹ bầu và em bé Kids Plaza 182B Lạc Trung,"182 P. Lạc Trung, Thanh Lương, Hai Bà Trưng, Hà Nội 100000",Open ⋅ Closes 10 PM,3.9,"2V38+68 Hai Bà Trưng District, Hanoi",21.0030822,105.8658739
https://www.google.com/maps/place/H%C3%B2+Siu+-+Si%C3%AAu+th%E1%BB%8B+M%E1%BA%B9+v%C3%A0+B%C3%A9/data=!4m7!3m6!1s0x3135adb2a88f1061:0x6ef5172a5c9cb291!8m2!3d20.9926952!4d105.8136605!16s%2Fg%2F11v03j58z3!19sChIJYRCPqLKtNTERkbKcXCoX9W4?authuser=0&hl=en&rclk=1,Hò Siu - Siêu thị Mẹ và Bé,"228 Đ. Khương Đình, Hạ Đình, Thanh Xuân, Hà Nội",Open ⋅ Closes 10 PM,5.0,"XRV7+3F Thanh Xuân, Hanoi",20.9926952,105.8136605
https://www.google.com/maps/place/C%E1%BB%ADa+h%C3%A0ng+M%E1%BA%B9+v%C3%A0+B%C3%A9+Kids+Plaza+43+L%E1%BA%A1c+Trung/data=!4m7!3m6!1s0x3135ac064b1c4291:0xd7d61d1848f5345e!8m2!3d21.0030771!4d105.8657197!16s%2Fg%2F11c1skdvmt!19sChIJkUIcSwasNTERXjT1SBgd1tc?authuser=0&hl=en&rclk=1,Cửa hàng Mẹ và Bé Kids Plaza 43 Lạc Trung,"43 P. Lạc Trung, Vĩnh Tuy, Hai Bà Trưng, Hà Nội",Open ⋅ Closes 9:30 PM,4.3,"2V38+67 Hai Bà Trưng District, Hanoi",21.0030771,105.8657197
https://www.google.com/maps/place/Shop+M%E1%BA%B9+v%C3%A0+B%C3%A9/data=!4m7!3m6!1s0x313451cdb114add7:0x330f1c11c8cef9c9!8m2!3d20.9953213!4d105.6107104!16s%2Fg%2F11v9vpy35g!19sChIJ160Usc1RNDERyfnOyBEcDzM?authuser=0&hl=en&rclk=1,Shop Mẹ và Bé,"Thôn, Đồng Bụt, Quốc Oai, Hà Nội 100000",Open 24 hours,5.0,"XJW6+47 Quốc Oai, Hanoi",20.9953213,105.6107104
https://www.google.com/maps/place/Si%C3%AAu+th%E1%BB%8B+m%E1%BA%B9+b%E1%BA%A7u+v%C3%A0+em+b%C3%A9+KidsPlaza+X%C3%A3+%C4%90%C3%A0n/data=!4m7!3m6!1s0x3135ac7499432b77:0x362f6c5c0142f462!8m2!3d21.0148121!4d105.8339473!16s%2Fg%2F11c2kd7vqv!19sChIJdytDmXSsNTERYvRCAVxsLzY?authuser=0&hl=en&rclk=1,Siêu thị mẹ bầu và em bé KidsPlaza Xã Đàn,"374 P. Xã Đàn, Nam Đồng, Đống Đa, Hà Nội 100000",Open ⋅ Closes 10 PM,3.5,"2R7M+WH Đống Đa, Hanoi",21.0148121,105.8339473
https://www.google.com/maps/place/C%E1%BB%ADa+H%C3%A0ng+Qu%E1%BA%A7n+%C3%81o+M%E1%BA%B9+V%C3%A0+B%C3%A9+HaTo/data=!4m7!3m6!1s0x3135ab75af2f4c77:0xdddd4c81a93cab0c!8m2!3d21.0261342!4d105.828754!16s%2Fg%2F1pzqkvk_p!19sChIJd0wvr3WrNTERDKs8qYFM3d0?authuser=0&hl=en&rclk=1,Cửa Hàng Quần Áo Mẹ Và Bé HaTo,"21 Ng. 168 Hào Nam, Chợ Dừa, Đống Đa, Hà Nội",Open 24 hours,4.3,"2RGH+FG Đống Đa, Hanoi",21.0261342,105.828754
https://www.google.com/maps/place/Si%C3%AAu+th%E1%BB%8B+m%E1%BA%B9+b%E1%BA%A7u+v%C3%A0+em+b%C3%A9+Kids+Plaza+Nguy%E1%BB%85n+Xi%E1%BB%83n/data=!4m7!3m6!1s0x3135ad9799837407:0x716fda8e88858267!8m2!3d20.9907718!4d105.8032483!16s%2Fg%2F11j6v2bv8b!19sChIJB3SDmZetNTERZ4KFiI7ab3E?authuser=0&hl=en&rclk=1,Siêu thị mẹ bầu và em bé Kids Plaza Nguyễn Xiển,"Số 22 Đ. Nguyễn Xiển, Thanh Xuân Nam, Thanh Xuân, Hà Nội 10000",Open ⋅ Closes 10 PM,4.3,024 3577 8666,20.9907718,105.8032483
https://www.google.com/maps/place/Baby+Fun+Shop/data=!4m7!3m6!1s0x3135abf62d3f9433:0x40e1e5f8f95e25f9!8m2!3d21.0070633!4d105.8612385!16s%2Fg%2F1hdzzkggr!19sChIJM5Q_LfarNTER-SVe-fjl4UA?authuser=0&hl=en&rclk=1,Baby Fun Shop,"112 Kim Ngưu, Quận Hai Bà Trưng, TP. Hà Nội, P. Kim Ngưu, Thanh Nhàn, Hai Bà Trưng, Hà Nội 100000",Open ⋅ Closes 9:30 PM,3.7,"2V46+RF Hai Bà Trưng District, Hanoi",21.0070633,105.8612385
https://www.google.com/maps/place/Si%C3%AAu+th%E1%BB%8B+m%E1%BA%B9+b%E1%BA%A7u+v%C3%A0+em+b%C3%A9+KidsPlaza+52+V%C5%A9+Tr%E1%BB%8Dng+Ph%E1%BB%A5ng/data=!4m7!3m6!1s0x3135ad29fa4e2ba5:0x99735f808f0a3ede!8m2!3d20.9980478!4d105.8093403!16s%2Fg%2F11h8wr6c86!19sChIJpStO-imtNTER3j4Kj4Bfc5k?authuser=0&hl=en&rclk=1,Siêu thị mẹ bầu và em bé KidsPlaza 52 Vũ Trọng Phụng,"52 Đ. Vũ Trọng Phụng, Thanh Xuân Trung, Thanh Xuân, Hà Nội 100000",Open ⋅ Closes 10 PM,4.6,0936 197 433,20.9980478,105.8093403
https://www.google.com/maps/place/Si%C3%AAu+th%E1%BB%8B+m%E1%BA%B9+b%E1%BA%A7u+v%C3%A0+em+b%C3%A9+KidsPlaza+-+18+Xu%C3%A2n+%C4%90%E1%BB%89nh/data=!4m7!3m6!1s0x3135ab6b07631169:0xca6ae14d93b9c0fd!8m2!3d21.0696989!4d105.8020069!16s%2Fg%2F11g1qj9jp3!19sChIJaRFjB2urNTER_cC5k03haso?authuser=0&hl=en&rclk=1,Siêu thị mẹ bầu và em bé KidsPlaza - 18 Xuân Đỉnh,"18, Xuân Đỉnh, Bắc Từ Liêm, Hà Nội 100000",Open ⋅ Closes 10 PM,3.3,024 3755 4904,21.0696989,105.8020069
https://www.google.com/maps/place/Bibomart+Nguy%E1%BB%85n+V%C4%83n+C%E1%BB%AB/data=!4m7!3m6!1s0x3135a97ede41d9e7:0xfaa3f99032f17ca1!8m2!3d21.0592471!4d105.8921943!16s%2Fg%2F1ptwrv5cn!19sChIJ59lB3n6pNTERoXzxMpD5o_o?authuser=0&hl=en&rclk=1,Bibomart Nguyễn Văn Cừ,"76 Đ. Ngô Gia Tự, P, Long Biên, Hà Nội 100000",Open ⋅ Closes 10 PM,4.2,1800 6886,21.0592471,105.8921943
https://www.google.com/maps/place/H%E1%BB%87+Th%E1%BB%91ng+C%E1%BB%ADa+H%C3%A0ng+M%E1%BA%B9+v%C3%A0+B%C3%A9+Bibo+Mart+-+Th%E1%BA%BF+Gi%E1%BB%9Bi+%C4%90%E1%BB%93+S%C6%A1+Sinh/data=!4m7!3m6!1s0x313455ce7a0279db:0x9dfc58e2dac17c40!8m2!3d20.9835143!4d105.8456552!16s%2Fg%2F11bzz_hpq0!19sChIJ23kCes5VNDERQHzB2uJY_J0?authuser=0&hl=en&rclk=1,Hệ Thống Cửa Hàng Mẹ và Bé Bibo Mart - Thế Giới Đồ Sơ Sinh,"570 Đ. Trương Định, Giáp Bát, Hoàng Mai, Hà Nội",Open ⋅ Closes 10 PM,4.1,1800 6886,20.9835143,105.8456552
https://www.google.com/maps/place/Sukem+Shop-+Chuy%C3%AAn+%C4%91%E1%BB%93+s%C6%A1+sinh+m%E1%BA%B9+v%C3%A0+b%C3%A9/data=!4m7!3m6!1s0x3135adeaa8ba8481:0xd080d1cc11dfb78!8m2!3d20.9861384!4d105.8512066!16s%2Fg%2F11mwylc56_!19sChIJgYS6qOqtNTERePsdwRwNCA0?authuser=0&hl=en&rclk=1,Sukem Shop- Chuyên đồ sơ sinh mẹ và bé,"6 Ng. 31 P. Lương Khánh Thiện, Tương Mai, Hai Bà Trưng, Hà Nội",Open 24 hours,4.0,"XVP2+FF Hai Bà Trưng District, Hanoi",20.9861384,105.8512066
https://www.google.com/maps/place/Si%C3%AAu+th%E1%BB%8B+m%E1%BA%B9+b%E1%BA%A7u+v%C3%A0+em+b%C3%A9+KidsPlaza+66+Nguy%E1%BB%85n+Khuy%E1%BA%BFn+-+H%C3%A0+%C4%90%C3%B4ng/data=!4m7!3m6!1s0x3135acd18b59bfd1:0x1fa5e9320a91e7af!8m2!3d20.9769707!4d105.7881272!16s%2Fg%2F11btrs6dpz!19sChIJ0b9Zi9GsNTERr-eRCjLppR8?authuser=0&hl=en&rclk=1,Siêu thị mẹ bầu và em bé KidsPlaza 66 Nguyễn Khuyến - Hà Đông,"66 Nguyễn Khuyến, P. Văn Quán, Hà Đông, Hà Nội 100000",Open ⋅ Closes 10 PM,4.1,"XQGQ+Q7 Hà Đông, Hanoi",20.9769707,105.7881272
https://www.google.com/maps/place/Si%C3%AAu+th%E1%BB%8B+m%E1%BA%B9+b%E1%BA%A7u+v%C3%A0+em+b%C3%A9+KidsPlaza+77B+Xu%C3%A2n+La/data=!4m7!3m6!1s0x31752eec433b919d:0x1a223eef68fa0556!8m2!3d21.0630859!4d105.8071183!16s%2Fg%2F11c2khrpc5!19sChIJnZE7Q-wudTERVgX6aO8-Iho?authuser=0&hl=en&rclk=1,Siêu thị mẹ bầu và em bé KidsPlaza 77B Xuân La,"77B, Tây Hồ, Hà Nội 100000",Open ⋅ Closes 10 PM,1.0,"3R74+6R Tây Hồ, Hanoi",21.0630859,105.8071183
https://www.google.com/maps/place/Si%C3%AAu+th%E1%BB%8B+m%E1%BA%B9+b%E1%BA%A7u+v%C3%A0+em+b%C3%A9+KidsPlaza+HH4B+Linh+%C4%90%C3%A0m/data=!4m7!3m6!1s0x3134532bd1486f03:0x1396a7b85ca57b3e!8m2!3d20.9632592!4d105.8263203!16s%2Fg%2F11c1tz0sp7!19sChIJA29I0StTNDERPnulXLinlhM?authuser=0&hl=en&rclk=1,Siêu thị mẹ bầu và em bé KidsPlaza HH4B Linh Đàm,"HH4B Linh Đàm, P. Linh Đ., Hoàng Liệt, Hoàng Mai, Hà Nội 100000",Open ⋅ Closes 10 PM,3.8,"XR7G+8G Hoàng Mai, Hanoi",20.9632592,105.8263203
https://www.google.com/maps/place/Si%C3%AAu+th%E1%BB%8B+m%E1%BA%B9+b%E1%BA%A7u+v%C3%A0+em+b%C3%A9+KidsPlaza+V%C6%B0%C6%A1ng+Th%E1%BB%ABa+V%C5%A9/data=!4m7!3m6!1s0x3135ac07b9441ecb:0xa921f28514abae74!8m2!3d21.0007067!4d105.8223934!16s%2Fg%2F11c5rr_np4!19sChIJyx5EuQesNTERdK6rFIXyIak?authuser=0&hl=en&rclk=1,Siêu thị mẹ bầu và em bé KidsPlaza Vương Thừa Vũ,"21 P. Vương Thừa Vũ, Khương Thượng, Thanh Xuân, Hà Nội 100000",Open ⋅ Closes 10 PM,4.0,"2R2C+7X Thanh Xuân, Hanoi",21.0007067,105.8223934
"https://www.google.com/maps/place/Betiti+Shop+-+Chuy%C3%AAn+%C4%91%E1%BB%93+s%C6%A1+sinh,+Tr%E1%BB%8Dn+b%E1%BB%99+s%C6%A1+sinh+gi%C3%A1+g%E1%BB%91c/data=!4m7!3m6!1s0x3135abc091e8392d:0x3d3e07f07e15644b!8m2!3d21.0389013!4d105.7889348!16s%2Fg%2F11grtmp8b7!19sChIJLTnokcCrNTERS2QVfvAHPj0?authuser=0&hl=en&rclk=1","Betiti Shop - Chuyên đồ sơ sinh, Trọn bộ sơ sinh giá gốc","ngõ 87 Đ. Nguyễn Phong Sắc, Dịch Vọng Hậu, Cầu Giấy, Hà Nội",Open ⋅ Closes 9:30 PM,4.3,0394 107 701,21.0389013,105.7889348
https://www.google.com/maps/place/Si%C3%AAu+th%E1%BB%8B+m%E1%BA%B9+b%E1%BA%A7u+v%C3%A0+em+b%C3%A9+Kids+Plaza+226+Kh%C6%B0%C6%A1ng+%C4%90%C3%ACnh/data=!4m7!3m6!1s0x3135ac93cf61035d:0x7e04218852b5edc4!8m2!3d20.9926867!4d105.8136597!16s%2Fg%2F11g6xsfh31!19sChIJXQNhz5OsNTERxO21UoghBH4?authuser=0&hl=en&rclk=1,Siêu thị mẹ bầu và em bé Kids Plaza 226 Khương Đình,"226 Đ. Khương Đình, Hạ Đình, Thanh Xuân, Hà Nội 100000",Open ⋅ Closes 10 PM,2.6,"XRV7+3F Thanh Xuân, Hanoi",20.9926867,105.8136597
https://www.google.com/maps/place/Si%C3%AAu+th%E1%BB%8B+m%E1%BA%B9+b%E1%BA%A7u+v%C3%A0+em+b%C3%A9+KidsPlaza+Xa+La/data=!4m7!3m6!1s0x3135a99a19eea781:0xd30317be5cdcd363!8m2!3d20.9645645!4d105.7937202!16s%2Fg%2F11c2kdmnwb!19sChIJgafuGZqpNTERY9PcXL4XA9M?authuser=0&hl=en&rclk=1,Siêu thị mẹ bầu và em bé KidsPlaza Xa La,"65 - 67 Đường 70, Khu đô thị Xa La, Hà Đông, Hà Nội 100000",Open ⋅ Closes 10 PM,4.2,"XQ7V+RF Hà Đông, Hanoi",20.9645645,105.7937202
https://www.google.com/maps/place/Kids+Plaza/data=!4m7!3m6!1s0x3135ac051f6df4c9:0xb8b86d822b49934b!8m2!3d20.9939747!4d105.8691263!16s%2Fg%2F11c2khv0z3!19sChIJyfRtHwWsNTERS5NJK4JtuLg?authuser=0&hl=en&rclk=1,Kids Plaza,"458 P. Minh Khai, Vĩnh Phú, Hai Bà Trưng, Hà Nội",Open ⋅ Closes 10 PM,3.7,024 6254 1124,20.9939747,105.8691263
https://www.google.com/maps/place/Si%C3%AAu+th%E1%BB%8B+m%E1%BA%B9+v%C3%A0+b%C3%A9+KidsPlaza+78+Nguy%E1%BB%85n+An+Ninh/data=!4m7!3m6!1s0x3135ad3fcaefb049:0xd713bb743ac1fa16!8m2!3d20.9900464!4d105.8454015!16s%2Fg%2F11v3gk64zn!19sChIJSbDvyj-tNTERFvrBOnS7E9c?authuser=0&hl=en&rclk=1,Siêu thị mẹ và bé KidsPlaza 78 Nguyễn An Ninh,"78 P. Nguyễn An Ninh, Tương Mai, Hoàng Mai, Hà Nội 100000",Open ⋅ Closes 10 PM,,0904 565 842,20.9900464,105.8454015
https://www.google.com/maps/place/Shop+Qu%E1%BA%A7n+%C3%81o+Cho+B%C3%A9/data=!4m7!3m6!1s0x3135ab7f53a3d19d:0xddaec00ee259e056!8m2!3d21.0157159!4d105.828119!16s%2Fg%2F11b6qkt3n1!19sChIJndGjU3-rNTERVuBZ4g7Art0?authuser=0&hl=en&rclk=1,Shop Quần Áo Cho Bé,"Số 28 Ngõ 85, Nguyễn Lướng Bằng, Quang Trung, Đống Đa, Hà Nội 115000",Open ⋅ Closes 9 PM,4.7,"2R8H+76 Đống Đa, Hanoi",21.0157159,105.828119
https://www.google.com/maps/place/Shop+M%E1%BA%B9+%26+B%C3%A9+G.Lady/data=!4m7!3m6!1s0x3135ab09d4dc857f:0x39e17b6a748d14ba!8m2!3d21.0412886!4d105.8289995!16s%2Fg%2F11bccmgc0y!19sChIJf4Xc1AmrNTERuhSNdGp74Tk?authuser=0&hl=en&rclk=1,Shop Mẹ & Bé G.Lady,"19 Đ. Thụy Khuê, Thuỵ Khuê, Tây Hồ, Hà Nội",,,,21.0412886,105.8289995
https://www.google.com/maps/place/Th%E1%BA%BF+gi%E1%BB%9Bi+b%E1%BB%89m+s%E1%BB%AFa+247/data=!4m7!3m6!1s0x3135ab095bc28f6b:0x50efa692024e5c5e!8m2!3d21.0267469!4d105.8088377!16s%2Fg%2F11qpt82qyn!19sChIJa4_CWwmrNTERXlxOApKm71A?authuser=0&hl=en&rclk=1,Thế giới bỉm sữa 247,"37 dốc viện phụ sản Hà Nội, 37 Dốc viện Phụ Sản, Láng Thượng, Ba Đình, Hà Nội 10000",Open ⋅ Closes 10 PM,5.0,0964 531 759,21.0267469,105.8088377
https://www.google.com/maps/place/Si%C3%AAu+th%E1%BB%8B+M%E1%BA%B9+v%C3%A0+B%C3%A9/data=!4m7!3m6!1s0x3135a9b314165861:0x4343576bfa761f5!8m2!3d21.0713657!4d105.9505606!16s%2Fg%2F11jvr546jf!19sChIJYVgWFLOpNTER9WGnv3Y1NAQ?authuser=0&hl=en&rclk=1,Siêu thị Mẹ và Bé,"3XC2+G6 Ninh Hiệp, Gia Lâm, Hà Nội, 12400",,,,21.0713657,105.9505606
https://www.google.com/maps/place/Si%C3%AAu+Th%E1%BB%8B+M%E1%BA%B9+V%C3%A0+B%C3%A9/data=!4m7!3m6!1s0x3135ab665e4f0b9b:0xe02926be6926336a!8m2!3d21.0202789!4d105.8098541!16s%2Fg%2F1jkwctbl2!19sChIJmwtPXmarNTERajMmab4mKeA?authuser=0&hl=en&rclk=1,Siêu Thị Mẹ Và Bé,,Permanently closed,,,21.0202789,105.8098541
https://www.google.com/maps/place/Si%C3%AAu+th%E1%BB%8B+m%E1%BA%B9+v%C3%A0+b%C3%A9+KidsPlaza+Khu+%C4%91%C3%B4+th%E1%BB%8B+Thanh+H%C3%A0+-+Ki%E1%BA%BFn+H%C6%B0ng+-+H%C3%A0+%C4%90%C3%B4ng+-+H%C3%A0+N%E1%BB%99i/data=!4m7!3m6!1s0x3135adc10b309c31:0xe9b4f99559b93670!8m2!3d20.9360445!4d105.7860133!16s%2Fg%2F11fprgmzkn!19sChIJMZwwC8GtNTERcDa5WZX5tOk?authuser=0&hl=en&rclk=1,Siêu thị mẹ và bé KidsPlaza Khu đô thị Thanh Hà - Kiến Hưng - Hà Đông - Hà Nội,"Kiot 4 - 6 tầng, 1 Tòa HH03A, Khu Đô Thị Thanh, Hà Đông, Hà Nội 100000",Open ⋅ Closes 10 PM,5.0,024 7105 5550,20.9360445,105.7860133
https://www.google.com/maps/place/H%E1%BB%87+Th%E1%BB%91ng+C%E1%BB%ADa+H%C3%A0ng+M%E1%BA%B9+v%C3%A0+B%C3%A9+Bibo+Mart+-+Th%E1%BA%BF+Gi%E1%BB%9Bi+%C4%90%E1%BB%93+S%C6%A1+Sinh+-+Nguy%E1%BB%85n+Ch%C3%A1nh/data=!4m7!3m6!1s0x3135aca62d8d250d:0xaf9fb59ff774786e!8m2!3d21.0095431!4d105.7945047!16s%2Fg%2F11gdkqwbn5!19sChIJDSWNLaasNTERbnh095-1n68?authuser=0&hl=en&rclk=1,Hệ Thống Cửa Hàng Mẹ và Bé Bibo Mart - Thế Giới Đồ Sơ Sinh - Nguyễn Chánh,"Số 62 P. Nguyễn Chánh, Trung Hoà, Cầu Giấy, Hà Nội",Open ⋅ Closes 10 PM,2.5,1800 6886,21.0095431,105.7945047
https://www.google.com/maps/place/H%E1%BB%87+Th%E1%BB%91ng+C%E1%BB%ADa+H%C3%A0ng+M%E1%BA%B9+v%C3%A0+B%C3%A9+Bibo+Mart+-+Th%E1%BA%BF+Gi%E1%BB%9Bi+%C4%90%E1%BB%93+S%C6%A1+Sinh+-+La+Th%C3%A0nh/data=!4m7!3m6!1s0x3135ac0e31b7513b:0xed0d2a6639f91396!8m2!3d21.026116!4d105.810449!16s%2Fg%2F11fyxbspb0!19sChIJO1G3MQ6sNTERlhP5OWYqDe0?authuser=0&hl=en&rclk=1,Hệ Thống Cửa Hàng Mẹ và Bé Bibo Mart - Thế Giới Đồ Sơ Sinh - La Thành,"994 Đường Đ. La Thành, Ngọc Khánh, Ba Đình, Hà Nội 100000",Open ⋅ Closes 10 PM,3.5,1800 6886,21.026116,105.810449
https://www.google.com/maps/place/H%E1%BB%87+Th%E1%BB%91ng+C%E1%BB%ADa+H%C3%A0ng+M%E1%BA%B9+v%C3%A0+B%C3%A9+Bibo+Mart+-+Th%E1%BA%BF+Gi%E1%BB%9Bi+%C4%90%E1%BB%93+S%C6%A1+Sinh+Tr%E1%BA%A7n+Th%C3%A1i+T%C3%B4ng/data=!4m7!3m6!1s0x3135ab4c01c87cf9:0x6c369493a2574455!8m2!3d21.0308664!4d105.7875986!16s%2Fg%2F11bxfr2vpf!19sChIJ-XzIAUyrNTERVURXopOUNmw?authuser=0&hl=en&rclk=1,Hệ Thống Cửa Hàng Mẹ và Bé Bibo Mart - Thế Giới Đồ Sơ Sinh Trần Thái Tông,"90 P.Trần Thái Tông, Dịch Vọng Hậu, Cầu Giấy, Hà Nội 700000",Open ⋅ Closes 10 PM,3.6,,21.0308664,105.7875986
https://www.google.com/maps/place/BiboMart/data=!4m7!3m6!1s0x313455295f16f173:0x7476539146091f8c!8m2!3d21.0348257!4d105.765615!16s%2Fg%2F11f6nh__q3!19sChIJc_EWXylVNDERjB8JRpFTdnQ?authuser=0&hl=en&rclk=1,BiboMart,"Tòa Golden Field, 24 P. Nguyễn Cơ Thạch, Mỹ Đình, Nam Từ Liêm, Hà Nội 100000",Open ⋅ Closes 10 PM,3.2,,21.0348257,105.765615
https://www.google.com/maps/place/H%E1%BB%87+Th%E1%BB%91ng+C%E1%BB%ADa+H%C3%A0ng+M%E1%BA%B9+v%C3%A0+B%C3%A9+Bibo+Mart+-+Th%E1%BA%BF+Gi%E1%BB%9Bi+%C4%90%E1%BB%93+S%C6%A1+Sinh+S%C6%A1n+T%C3%A2y/data=!4m7!3m6!1s0x3135aba1dad415e7:0xf5d8826c989e8aab!8m2!3d21.033048!4d105.8328419!16s%2Fg%2F124ym4gtq!19sChIJ5xXU2qGrNTERq4qemGyC2PU?authuser=0&hl=en&rclk=1,Hệ Thống Cửa Hàng Mẹ và Bé Bibo Mart - Thế Giới Đồ Sơ Sinh Sơn Tây,"20 P. Sơn Tây, Điện Biên, Ba Đình, Hà Nội",Open ⋅ Closes 10 PM,3.6,1800 6886,21.033048,105.8328419
https://www.google.com/maps/place/Bibo+Mart/data=!4m7!3m6!1s0x3135aca7351eaa4d:0xfe5a3bc8eb39b1ca!8m2!3d21.0108096!4d105.7994776!16s%2Fg%2F11d_ynk574!19sChIJTaoeNaesNTERyrE568g7Wv4?authuser=0&hl=en&rclk=1,Bibo Mart,"120 Đ. Trần Duy Hưng, Trung Hoà, Cầu Giấy, Hà Nội 100000",Open ⋅ Closes 9 PM,4.2,024 3787 1168,21.0108096,105.7994776
https://www.google.com/maps/place/H%E1%BB%87+Th%E1%BB%91ng+C%E1%BB%ADa+H%C3%A0ng+M%E1%BA%B9+v%C3%A0+B%C3%A9+Bibo+Mart+-+Th%E1%BA%BF+Gi%E1%BB%9Bi+%C4%90%E1%BB%93+S%C6%A1+Sinh+-+Nguy%E1%BB%85n+Ho%C3%A0ng/data=!4m7!3m6!1s0x3135ade33b1804bf:0x70e335bd4c0d428c!8m2!3d21.0313599!4d105.7745791!16s%2Fg%2F11fwpjnpcl!19sChIJvwQYO-OtNTERjEINTL0143A?authuser=0&hl=en&rclk=1,Hệ Thống Cửa Hàng Mẹ và Bé Bibo Mart - Thế Giới Đồ Sơ Sinh - Nguyễn Hoàng,"38 P. Nguyễn Hoàng, Mỹ Đình, Nam Từ Liêm, Hà Nội 100000",Open ⋅ Closes 10 PM,3.6,1800 6886,21.0313599,105.7745791
https://www.google.com/maps/place/H%E1%BB%87+Th%E1%BB%91ng+C%E1%BB%ADa+H%C3%A0ng+M%E1%BA%B9+v%C3%A0+B%C3%A9+Bibo+Mart+-+Th%E1%BA%BF+Gi%E1%BB%9Bi+%C4%90%E1%BB%93+S%C6%A1+Sinh+-+Trung+K%C3%ADnh/data=!4m7!3m6!1s0x3135ab5759e4a609:0x6270a19893dab781!8m2!3d21.0181316!4d105.792795!16s%2Fg%2F11f2wdj86g!19sChIJCabkWVerNTERgbfak5ihcGI?authuser=0&hl=en&rclk=1,Hệ Thống Cửa Hàng Mẹ và Bé Bibo Mart - Thế Giới Đồ Sơ Sinh - Trung Kính,"193 P. Trung Kính, Yên Hoà, Cầu Giấy, Hà Nội",Open ⋅ Closes 10 PM,2.8,,21.0181316,105.792795
https://www.google.com/maps/place/H%E1%BB%87+Th%E1%BB%91ng+C%E1%BB%ADa+H%C3%A0ng+M%E1%BA%B9+v%C3%A0+B%C3%A9+Bibo+Mart+-+Th%E1%BA%BF+Gi%E1%BB%9Bi+%C4%90%E1%BB%93+S%C6%A1+Sinh+-+Nguy%E1%BB%85n+Kh%C3%A1nh+To%C3%A0n/data=!4m7!3m6!1s0x3134588d292049e5:0xc2ac326cd39148ec!8m2!3d21.0365772!4d105.8028335!16s%2Fg%2F11c1xm8nc5!19sChIJ5UkgKY1YNDER7EiR02wyrMI?authuser=0&hl=en&rclk=1,Hệ Thống Cửa Hàng Mẹ và Bé Bibo Mart - Thế Giới Đồ Sơ Sinh - Nguyễn Khánh Toàn,"60 Đ. Nguyễn Khánh Toàn, Quan Hoa, Cầu Giấy, Hà Nội 100000",Open ⋅ Closes 10 PM,3.6,,21.0365772,105.8028335
https://www.google.com/maps/place/H%E1%BB%87+Th%E1%BB%91ng+C%E1%BB%ADa+H%C3%A0ng+M%E1%BA%B9+v%C3%A0+B%C3%A9+Bibo+Mart+-+Th%E1%BA%BF+Gi%E1%BB%9Bi+%C4%90%E1%BB%93+S%C6%A1+Sinh+Ph%E1%BA%A1m+Ng%E1%BB%8Dc+Th%E1%BA%A1ch/data=!4m7!3m6!1s0x3135ac7fa8039741:0xf18098796f35c64d!8m2!3d21.0070525!4d105.8318932!16s%2Fg%2F11dx95vz3d!19sChIJQZcDqH-sNTERTcY1b3mYgPE?authuser=0&hl=en&rclk=1,Hệ Thống Cửa Hàng Mẹ và Bé Bibo Mart - Thế Giới Đồ Sơ Sinh Phạm Ngọc Thạch,"84 P.Phạm Ngọc Thạch, Quang Trung, Đống Đa, Hà Nội",Open ⋅ Closes 10 PM,3.1,1800 6886,21.0070525,105.8318932
https://www.google.com/maps/place/H%E1%BB%87+Th%E1%BB%91ng+C%E1%BB%ADa+H%C3%A0ng+M%E1%BA%B9+v%C3%A0+B%C3%A9+Bibo+Mart+-+Th%E1%BA%BF+Gi%E1%BB%9Bi+%C4%90%E1%BB%93+S%C6%A1+Sinh+-+H%E1%BB%93+T%C3%B9ng+M%E1%BA%ADu/data=!4m7!3m6!1s0x313454c70a967f23:0x3518c748d686ff83!8m2!3d21.0406746!4d105.765172!16s%2Fg%2F11bxgztrs2!19sChIJI3-WCsdUNDERg_-G1kjHGDU?authuser=0&hl=en&rclk=1,Hệ Thống Cửa Hàng Mẹ và Bé Bibo Mart - Thế Giới Đồ Sơ Sinh - Hồ Tùng Mậu,"298 Đường Hồ Tùng Mậu, Cầu Diễn, Nam Từ Liêm, Việt Nam, Từ Liêm, Hà Nội 100000",Open ⋅ Closes 10 PM,3.7,1800 6886,21.0406746,105.765172
https://www.google.com/maps/place/H%E1%BB%87+Th%E1%BB%91ng+C%E1%BB%ADa+H%C3%A0ng+M%E1%BA%B9+v%C3%A0+B%C3%A9+Bibo+Mart+-+Th%E1%BA%BF+Gi%E1%BB%9Bi+%C4%90%E1%BB%93+S%C6%A1+Sinh+-+Xu%C3%A2n+La/data=!4m7!3m6!1s0x3135ab8aadf79ee7:0x9980a970344a8653!8m2!3d21.0669367!4d105.8046156!16s%2Fg%2F11r9vvcg__!19sChIJ5573rYqrNTERU4ZKNHCpgJk?authuser=0&hl=en&rclk=1,Hệ Thống Cửa Hàng Mẹ và Bé Bibo Mart - Thế Giới Đồ Sơ Sinh - Xuân La,"36 Đ. Xuân La, Xuân La, Tây Hồ, Hà Nội 100000",Open ⋅ Closes 10 PM,1.4,1800 6886,21.0669367,105.8046156
https://www.google.com/maps/place/H%E1%BB%87+Th%E1%BB%91ng+C%E1%BB%ADa+H%C3%A0ng+M%E1%BA%B9+v%C3%A0+B%C3%A9+Bibo+Mart+-+Th%E1%BA%BF+Gi%E1%BB%9Bi+%C4%90%E1%BB%93+S%C6%A1+Sinh+B%E1%BA%A1ch+Mai/data=!4m7!3m6!1s0x3135ad83485fbdc7:0xa009ba9a7505a64c!8m2!3d21.0021603!4d105.8507021!16s%2Fg%2F11fk31k5lx!19sChIJx71fSIOtNTERTKYFdZq6CaA?authuser=0&hl=en&rclk=1,Hệ Thống Cửa Hàng Mẹ và Bé Bibo Mart - Thế Giới Đồ Sơ Sinh Bạch Mai,"290 P. Bạch Mai, Bạch Mai, Hai Bà Trưng, Hà Nội 100000",Open ⋅ Closes 10 PM,3.2,1800 6886,21.0021603,105.8507021
https://www.google.com/maps/place/H%E1%BB%87+Th%E1%BB%91ng+C%E1%BB%ADa+H%C3%A0ng+M%E1%BA%B9+v%C3%A0+B%C3%A9+Bibo+Mart+-+Th%E1%BA%BF+Gi%E1%BB%9Bi+%C4%90%E1%BB%93+S%C6%A1+Sinh+-+%C4%90%C6%B0%E1%BB%9Dng+B%C6%B0%E1%BB%9Fi/data=!4m7!3m6!1s0x3135addf0e03b447:0x20aec07d540fcde1!8m2!3d21.0470303!4d105.8064398!16s%2Fg%2F11hz_5bytj!19sChIJR7QDDt-tNTER4c0PVH3AriA?authuser=0&hl=en&rclk=1,Hệ Thống Cửa Hàng Mẹ và Bé Bibo Mart - Thế Giới Đồ Sơ Sinh - Đường Bưởi,"19 Đ. Bưởi, Vĩnh Phú, Ba Đình, Hà Nội",Open ⋅ Closes 10 PM,3.2,1800 6886,21.0470303,105.8064398
https://www.google.com/maps/place/H%E1%BB%87+Th%E1%BB%91ng+C%E1%BB%ADa+H%C3%A0ng+M%E1%BA%B9+v%C3%A0+B%C3%A9+Bibo+Mart+-+Th%E1%BA%BF+Gi%E1%BB%9Bi+%C4%90%E1%BB%93+S%C6%A1+Sinh+-+Ph%E1%BA%A1m+V%C4%83n+%C4%90%E1%BB%93ng+3/data=!4m7!3m6!1s0x3134551214e0aaad:0x316877490e1eb069!8m2!3d21.0435389!4d105.7807169!16s%2Fg%2F11sb7vgh96!19sChIJrargFBJVNDERabAeDkl3aDE?authuser=0&hl=en&rclk=1,Hệ Thống Cửa Hàng Mẹ và Bé Bibo Mart - Thế Giới Đồ Sơ Sinh - Phạm Văn Đồng 3,"122 Đ. Phạm Văn Đồng, Mai Dịch, Cầu Giấy, Hà Nội 10000",Open ⋅ Closes 10 PM,,1800 6886,21.0435389,105.7807169
https://www.google.com/maps/place/H%E1%BB%87+Th%E1%BB%91ng+C%E1%BB%ADa+H%C3%A0ng+M%E1%BA%B9+v%C3%A0+B%C3%A9+Bibo+Mart+-+Th%E1%BA%BF+Gi%E1%BB%9Bi+%C4%90%E1%BB%93+S%C6%A1+Sinh+-+Nguy%E1%BB%85n+Tr%C3%A3i+3/data=!4m7!3m6!1s0x3135acc70f2e0b8d:0x60939dc13f58b280!8m2!3d20.9970401!4d105.8107099!16s%2Fg%2F11f2wfl268!19sChIJjQsuD8esNTERgLJYP8Gdk2A?authuser=0&hl=en&rclk=1,Hệ Thống Cửa Hàng Mẹ và Bé Bibo Mart - Thế Giới Đồ Sơ Sinh - Nguyễn Trãi 3,"296 Đ. Nguyễn Trãi, Thượng Đình, Thanh Xuân, Hà Nội",Open ⋅ Closes 10 PM,1.0,1800 6886,20.9970401,105.8107099
https://www.google.com/maps/place/Bibo+Mart/data=!4m7!3m6!1s0x3135ad457c223d71:0x44d14ed5be264b76!8m2!3d21.0028577!4d105.8661672!16s%2Fg%2F11ptv6dvnc!19sChIJcT0ifEWtNTERdksmvtVO0UQ?authuser=0&hl=en&rclk=1,Bibo Mart,"43 P. Lạc Trung, Vĩnh Tuy, Hai Bà Trưng, Hà Nội",Open ⋅ Closes 10 PM,4.0,1800 6886,21.0028577,105.8661672
https://www.google.com/maps/place/H%E1%BB%87+Th%E1%BB%91ng+C%E1%BB%ADa+H%C3%A0ng+M%E1%BA%B9+v%C3%A0+B%C3%A9+Bibo+Mart+-+Th%E1%BA%BF+Gi%E1%BB%9Bi+%C4%90%E1%BB%93+S%C6%A1+Sinh+-+Tr%E1%BA%A7n+%C4%90%C4%83ng+Ninh/data=!4m7!3m6!1s0x3135ab98e8e55fb7:0xb834a420c7ed1b08!8m2!3d21.0395839!4d105.7917873!16s%2Fg%2F11hfwh6p4z!19sChIJt1_l6JirNTERCBvtxyCkNLg?authuser=0&hl=en&rclk=1,Hệ Thống Cửa Hàng Mẹ và Bé Bibo Mart - Thế Giới Đồ Sơ Sinh - Trần Đăng Ninh,"Tòa B3, P. Vĩnh Hồ, Làng Quốc tế Thăng Long, Cầu Giấy, Hà Nội 100000",Open ⋅ Closes 10 PM,2.0,024 7309 1168,21.0395839,105.7917873
https://www.google.com/maps/place/H%E1%BB%87+Th%E1%BB%91ng+C%E1%BB%ADa+H%C3%A0ng+M%E1%BA%B9+v%C3%A0+B%C3%A9+Bibo+Mart+-+Th%E1%BA%BF+Gi%E1%BB%9Bi+%C4%90%E1%BB%93+S%C6%A1+Sinh+-+V%C5%A9+Tr%E1%BB%8Dng+Ph%E1%BB%A5ng/data=!4m7!3m6!1s0x3135ac983d6c9fb5:0xdeb41fb45001841d!8m2!3d21.0010905!4d105.8071536!16s%2Fg%2F11mn1d1wr4!19sChIJtZ9sPZisNTERHYQBULQftN4?authuser=0&hl=en&rclk=1,Hệ Thống Cửa Hàng Mẹ và Bé Bibo Mart - Thế Giới Đồ Sơ Sinh - Vũ Trọng Phụng,"114 Đ. Vũ Trọng Phụng, Thanh Xuân Trung, Thanh Xuân, Hà Nội",Open ⋅ Closes 10 PM,1.0,1800 6886,21.0010905,105.8071536
https://www.google.com/maps/place/H%E1%BB%87+Th%E1%BB%91ng+C%E1%BB%ADa+H%C3%A0ng+M%E1%BA%B9+v%C3%A0+B%C3%A9+Bibo+Mart+-+Th%E1%BA%BF+Gi%E1%BB%9Bi+%C4%90%E1%BB%93+S%C6%A1+Sinh+-+Ph%E1%BA%A1m+V%C4%83n+%C4%90%E1%BB%93ng/data=!4m7!3m6!1s0x3135ab0993845a7d:0x691671e464ba3f1!8m2!3d21.0584003!4d105.7830298!16s%2Fg%2F11s42qcc1z!19sChIJfVqEkwmrNTER8aNLRh5nkQY?authuser=0&hl=en&rclk=1,Hệ Thống Cửa Hàng Mẹ và Bé Bibo Mart - Thế Giới Đồ Sơ Sinh - Phạm Văn Đồng,"481 Đ. Phạm Văn Đồng, Cổ Nhuế, Bắc Từ Liêm, Hà Nội 100000",Open ⋅ Closes 10 PM,,1800 6886,21.0584003,105.7830298
https://www.google.com/maps/place/H%E1%BB%87+Th%E1%BB%91ng+C%E1%BB%ADa+H%C3%A0ng+M%E1%BA%B9+v%C3%A0+B%C3%A9+Bibo+Mart+-+Th%E1%BA%BF+Gi%E1%BB%9Bi+%C4%90%E1%BB%93+S%C6%A1+Sinh+-+230+L%C3%AA+Tr%E1%BB%8Dng+T%E1%BA%A5n/data=!4m7!3m6!1s0x3135ad549d9307ad:0xb01aae7b010197a1!8m2!3d20.991625!4d105.8327663!16s%2Fg%2F11pd2yx28z!19sChIJrQeTnVStNTERoZcBAXuuGrA?authuser=0&hl=en&rclk=1,Hệ Thống Cửa Hàng Mẹ và Bé Bibo Mart - Thế Giới Đồ Sơ Sinh - 230 Lê Trọng Tấn,"230 P. Lê Trọng Tấn, Định Công, Thanh Xuân, Hà Nội",Open ⋅ Closes 10 PM,3.5,"XRRM+J4 Thanh Xuân, Hanoi",20.991625,105.8327663
https://www.google.com/maps/place/H%E1%BB%87+Th%E1%BB%91ng+C%E1%BB%ADa+H%C3%A0ng+M%E1%BA%B9+v%C3%A0+B%C3%A9+Bibo+Mart+-+Th%E1%BA%BF+Gi%E1%BB%9Bi+%C4%90%E1%BB%93+S%C6%A1+Sinh+-+Green+Star/data=!4m7!3m6!1s0x313454d32495c49d:0x196685dc4f7117cf!8m2!3d21.0522942!4d105.7807432!16s%2Fg%2F11gdkqd3bc!19sChIJncSVJNNUNDERzxdxT9yFZhk?authuser=0&hl=en&rclk=1,Hệ Thống Cửa Hàng Mẹ và Bé Bibo Mart - Thế Giới Đồ Sơ Sinh - Green Star,"Tòa 27A2, 232 Đ. Phạm Văn Đồng, Khu chung cư Green Stars, Bắc Từ Liêm, Hà Nội",Open ⋅ Closes 10 PM,3.1,1800 6886,21.0522942,105.7807432
https://www.google.com/maps/place/H%E1%BB%87+Th%E1%BB%91ng+C%E1%BB%ADa+H%C3%A0ng+M%E1%BA%B9+v%C3%A0+B%C3%A9+Bibo+Mart+-+Th%E1%BA%BF+Gi%E1%BB%9Bi+%C4%90%E1%BB%93+S%C6%A1+Sinh+-+Quang+Trung+2/data=!4m7!3m6!1s0x313452dbfa8d87cb:0x61756f2836a00dcb!8m2!3d20.9629812!4d105.7653984!16s%2Fg%2F11f2wdpc03!19sChIJy4eN-ttSNDERyw2gNihvdWE?authuser=0&hl=en&rclk=1,Hệ Thống Cửa Hàng Mẹ và Bé Bibo Mart - Thế Giới Đồ Sơ Sinh - Quang Trung 2,"388 Đ. Quang Trung, La Khê, Hà Nội, 10000",Open ⋅ Closes 10 PM,3.8,1800 6886,20.9629812,105.7653984
https://www.google.com/maps/place/H%E1%BB%87+Th%E1%BB%91ng+C%E1%BB%ADa+H%C3%A0ng+M%E1%BA%B9+v%C3%A0+B%C3%A9+Bibo+Mart+-+Th%E1%BA%BF+Gi%E1%BB%9Bi+%C4%90%E1%BB%93+S%C6%A1+Sinh+-+Ho%C3%A0ng+V%C4%83n+Th%C3%A1i/data=!4m7!3m6!1s0x3135aab4d2370893:0xf0dd32cf8d872504!8m2!3d20.9963425!4d105.8277554!16s%2Fg%2F11c496lc3x!19sChIJkwg30rSqNTERBCWHjc8y3fA?authuser=0&hl=en&rclk=1,Hệ Thống Cửa Hàng Mẹ và Bé Bibo Mart - Thế Giới Đồ Sơ Sinh - Hoàng Văn Thái,"Số 52 P. Hoàng Văn Thái, Khương Mai, Thanh Xuân, Hà Nội",Open ⋅ Closes 10 PM,3.5,1800 6886,20.9963425,105.8277554
https://www.google.com/maps/place/Bibomart+Long+Bien/data=!4m7!3m6!1s0x3135abd587132563:0x4a09d54fd86ffda5!8m2!3d21.0481025!4d105.8749064!16s%2Fg%2F1yghb62k2!19sChIJYyUTh9WrNTERpf1v2E_VCUo?authuser=0&hl=en&rclk=1,Bibomart Long Bien,"12 P. Nguyễn Sơn, P, Long Biên, Hà Nội 100000",Open ⋅ Closes 10 PM,3.8,1800 6886,21.0481025,105.8749064
https://www.google.com/maps/place/H%E1%BB%87+Th%E1%BB%91ng+C%E1%BB%ADa+H%C3%A0ng+M%E1%BA%B9+v%C3%A0+B%C3%A9+Bibo+Mart+-+Th%E1%BA%BF+Gi%E1%BB%9Bi+%C4%90%E1%BB%93+S%C6%A1+Sinh+Nguy%E1%BB%85n+H%E1%BB%AFu+Th%E1%BB%8D/data=!4m7!3m6!1s0x3135ac560513c2b7:0x13ffad6f09e7d061!8m2!3d20.9696142!4d105.8296244!16s%2Fg%2F11bxg2xlr7!19sChIJt8ITBVasNTERYdDnCW-t_xM?authuser=0&hl=en&rclk=1,Hệ Thống Cửa Hàng Mẹ và Bé Bibo Mart - Thế Giới Đồ Sơ Sinh Nguyễn Hữu Thọ,"8 Nguyễn Hữu Thọ, Đại Kim, Hoàng Mai, Hà Nội 100000",Open ⋅ Closes 10 PM,3.4,1800 6886,20.9696142,105.8296244
https://www.google.com/maps/place/H%E1%BB%87+Th%E1%BB%91ng+C%E1%BB%ADa+H%C3%A0ng+M%E1%BA%B9+v%C3%A0+B%C3%A9+Bibo+Mart+-+Th%E1%BA%BF+Gi%E1%BB%9Bi+%C4%90%E1%BB%93+S%C6%A1+Sinh/data=!4m7!3m6!1s0x313455ce7a0279db:0x9dfc58e2dac17c40!8m2!3d20.9835143!4d105.8456552!16s%2Fg%2F11bzz_hpq0!19sChIJ23kCes5VNDERQHzB2uJY_J0?authuser=0&hl=en&rclk=1,Hệ Thống Cửa Hàng Mẹ và Bé Bibo Mart - Thế Giới Đồ Sơ Sinh,"570 Đ. Trương Định, Giáp Bát, Hoàng Mai, Hà Nội",Open ⋅ Closes 10 PM,4.1,1800 6886,20.9835143,105.8456552
https://www.google.com/maps/place/Bibomart/data=!4m7!3m6!1s0x313455d299dc49a9:0x4232dcde386c802e!8m2!3d21.016656!4d105.7821336!16s%2Fg%2F11lh5g8w1v!19sChIJqUncmdJVNDERLoBsON7cMkI?authuser=0&hl=en&rclk=1,Bibomart,"Handico Tower, Tầng 10, Đ. Phạm Hùng, Mễ Trì Hạ, Thượng, Hà Nội 10000",Open 24 hours,1.5,,21.016656,105.7821336
https://www.google.com/maps/place/H%E1%BB%87+Th%E1%BB%91ng+C%E1%BB%ADa+H%C3%A0ng+M%E1%BA%B9+v%C3%A0+B%C3%A9+Bibo+Mart+-+Th%E1%BA%BF+Gi%E1%BB%9Bi+%C4%90%E1%BB%93+S%C6%A1+Sinh+-+M%C3%ACnh+Khai/data=!4m7!3m6!1s0x3135ada68ae949a5:0xcfbb318d190d0f12!8m2!3d20.9969654!4d105.8648634!16s%2Fg%2F11q299lfc6!19sChIJpUnpiqatNTEREg8NGY0xu88?authuser=0&hl=en&rclk=1,Hệ Thống Cửa Hàng Mẹ và Bé Bibo Mart - Thế Giới Đồ Sơ Sinh - Mình Khai,"444 P. Minh Khai, Vĩnh Tuy, Hai Bà Trưng, Hà Nội 100000",Open ⋅ Closes 10 PM,1.8,1800 6886,20.9969654,105.8648634
https://www.google.com/maps/place/H%E1%BB%87+Th%E1%BB%91ng+C%E1%BB%ADa+H%C3%A0ng+M%E1%BA%B9+v%C3%A0+B%C3%A9+Bibo+Mart+-+Th%E1%BA%BF+Gi%E1%BB%9Bi+%C4%90%E1%BB%93+S%C6%A1+Sinh+-+Xu%C3%A2n+La+1/data=!4m7!3m6!1s0x3135abfefbed023d:0x9a7c08af766c4428!8m2!3d21.0611697!4d105.8073013!16s%2Fg%2F11jx2wqxqv!19sChIJPQLt-_6rNTERKERsdq8IfJo?authuser=0&hl=en&rclk=1,Hệ Thống Cửa Hàng Mẹ và Bé Bibo Mart - Thế Giới Đồ Sơ Sinh - Xuân La 1,"12B Đ. Xuân La, Xuân La, Tây Hồ, Hà Nội 100000",Open ⋅ Closes 10 PM,1.0,1800 6886,21.0611697,105.8073013
https://www.google.com/maps/place/H%E1%BB%87+Th%E1%BB%91ng+C%E1%BB%ADa+H%C3%A0ng+M%E1%BA%B9+v%C3%A0+B%C3%A9+Bibo+Mart+-+Th%E1%BA%BF+Gi%E1%BB%9Bi+%C4%90%E1%BB%93+S%C6%A1+Sinh+V%C4%83n+Qu%C3%A1n/data=!4m7!3m6!1s0x3135ad1b96d8440d:0x79229226064d9a26!8m2!3d20.9762779!4d105.7886514!16s%2Fg%2F11bxg45s25!19sChIJDUTYlhutNTERJppNBiaSInk?authuser=0&hl=en&rclk=1,Hệ Thống Cửa Hàng Mẹ và Bé Bibo Mart - Thế Giới Đồ Sơ Sinh Văn Quán,"98 Nguyễn Khuyến, P. Văn Quán, Hà Đông, Hà Nội 100000",Open ⋅ Closes 10 PM,4.3,1800 6886,20.9762779,105.7886514
https://www.google.com/maps/place/H%E1%BB%87+Th%E1%BB%91ng+C%E1%BB%ADa+H%C3%A0ng+M%E1%BA%B9+v%C3%A0+B%C3%A9+Bibo+Mart+-+Th%E1%BA%BF+Gi%E1%BB%9Bi+%C4%90%E1%BB%93+S%C6%A1+Sinh+-+Phan+Tr%E1%BB%8Dng+Tu%E1%BB%87+2/data=!4m7!3m6!1s0x3135ada0a9dc3caf:0xf224ad6bbe854846!8m2!3d20.9567492!4d105.808917!16s%2Fg%2F11fwpjmntn!19sChIJrzzcqaCtNTERRkiFvmutJPI?authuser=0&hl=en&rclk=1,Hệ Thống Cửa Hàng Mẹ và Bé Bibo Mart - Thế Giới Đồ Sơ Sinh - Phan Trọng Tuệ 2,"282 Đ. Phan Trọng Tuệ, Thanh Liệt, Thanh Trì, Hà Nội 10000",Open ⋅ Closes 10 PM,2.7,1800 6886,20.9567492,105.808917
https://www.google.com/maps/place/H%E1%BB%87+Th%E1%BB%91ng+C%E1%BB%ADa+H%C3%A0ng+M%E1%BA%B9+v%C3%A0+B%C3%A9+Bibo+Mart+-+Th%E1%BA%BF+Gi%E1%BB%9Bi+%C4%90%E1%BB%93+S%C6%A1+Sinh+-+Nguy%E1%BB%85n+V%C4%83n+C%E1%BB%AB/data=!4m7!3m6!1s0x3135abd6e3dd81e7:0x21f654191099cb91!8m2!3d21.043345!4d105.872001!16s%2Fg%2F11gdkqy8nw!19sChIJ54Hd49arNTERkcuZEBlU9iE?authuser=0&hl=en&rclk=1,Hệ Thống Cửa Hàng Mẹ và Bé Bibo Mart - Thế Giới Đồ Sơ Sinh - Nguyễn Văn Cừ,"Số 170 Đ. Nguyễn Văn Cừ, Ngọc Lâm, Long Biên, Hà Nội",Open ⋅ Closes 10 PM,4.0,1800 6886,21.043345,105.872001
https://www.google.com/maps/place/H%E1%BB%87+Th%E1%BB%91ng+C%E1%BB%ADa+H%C3%A0ng+M%E1%BA%B9+v%C3%A0+B%C3%A9+Bibo+Mart+-+Th%E1%BA%BF+Gi%E1%BB%9Bi+%C4%90%E1%BB%93+S%C6%A1+Sinh+-+Kim+V%C4%83n/data=!4m7!3m6!1s0x3135acfbab3ceeab:0x67d4621bca2c8f1f!8m2!3d20.9723591!4d105.8203718!16s%2Fg%2F11g0212t8n!19sChIJq-48q_usNTERH48syhti1Gc?authuser=0&hl=en&rclk=1,Hệ Thống Cửa Hàng Mẹ và Bé Bibo Mart - Thế Giới Đồ Sơ Sinh - Kim Văn,"Kiot Số 8 KDT, Kim Văn, Hoàng Mai",Open ⋅ Closes 10 PM,4.0,1800 6886,20.9723591,105.8203718
https://www.google.com/maps/place/H%E1%BB%87+Th%E1%BB%91ng+C%E1%BB%ADa+H%C3%A0ng+M%E1%BA%B9+v%C3%A0+B%C3%A9+Bibo+Mart+-+Th%E1%BA%BF+Gi%E1%BB%9Bi+%C4%90%E1%BB%93+S%C6%A1+Sinh+-+Ecohome/data=!4m7!3m6!1s0x3135ab33840ed0ed:0x841e4dc1cc9cd0cf!8m2!3d21.0846465!4d105.7853154!16s%2Fg%2F11nnvc8v8w!19sChIJ7dAOhDOrNTERz9CczMFNHoQ?authuser=0&hl=en&rclk=1,Hệ Thống Cửa Hàng Mẹ và Bé Bibo Mart - Thế Giới Đồ Sơ Sinh - Ecohome,"13 Tòa N04 Khu nhà ở Ecohome 3 Bắc Cổ Nhuế- Chèm, P.Đông Ngạc, Q, Bắc Từ Liêm, Hà Nội 100000",Open ⋅ Closes 10 PM,2.9,1800 6886,21.0846465,105.7853154
https://www.google.com/maps/place/H%E1%BB%87+Th%E1%BB%91ng+C%E1%BB%ADa+H%C3%A0ng+M%E1%BA%B9+v%C3%A0+B%C3%A9+Bibo+Mart+-+Th%E1%BA%BF+Gi%E1%BB%9Bi+%C4%90%E1%BB%93+S%C6%A1+Sinh+-+D%C6%B0%C6%A1ng+N%E1%BB%99i/data=!4m7!3m6!1s0x313452e4f271e0eb:0xcd017388e5e735c8!8m2!3d20.9632783!4d105.7487575!16s%2Fg%2F11gdkqvx16!19sChIJ6-Bx8uRSNDERyDXn5YhzAc0?authuser=0&hl=en&rclk=1,Hệ Thống Cửa Hàng Mẹ và Bé Bibo Mart - Thế Giới Đồ Sơ Sinh - Dương Nội,"Tầng 1 Tòa nhà H - CT7, KDT Dương Nội, Hà Đông, Hà Nội",Open ⋅ Closes 10 PM,3.5,1800 6886,20.9632783,105.7487575
https://www.google.com/maps/place/H%E1%BB%87+Th%E1%BB%91ng+C%E1%BB%ADa+H%C3%A0ng+M%E1%BA%B9+v%C3%A0+B%C3%A9+Bibo+Mart+-+Th%E1%BA%BF+Gi%E1%BB%9Bi+%C4%90%E1%BB%93+S%C6%A1+Sinh+-+Nguy%E1%BB%85n+V%C4%83n+L%E1%BB%99c/data=!4m7!3m6!1s0x3135adf6cfcb44af:0x1c96759418b80cd!8m2!3d20.9864966!4d105.7878032!16s%2Fg%2F11jndr0lf0!19sChIJr0TLz_atNTERzYCLQVlnyQE?authuser=0&hl=en&rclk=1,Hệ Thống Cửa Hàng Mẹ và Bé Bibo Mart - Thế Giới Đồ Sơ Sinh - Nguyễn Văn Lộc,"23 LK6A Mỗ Lao Phường, Hà Đông, Hà Nội 100000",Open ⋅ Closes 10 PM,2.0,1800 6886,20.9864966,105.7878032
https://www.google.com/maps/place/Bibomart+Nguy%E1%BB%85n+V%C4%83n+C%E1%BB%AB/data=!4m7!3m6!1s0x3135a97ede41d9e7:0xfaa3f99032f17ca1!8m2!3d21.0592471!4d105.8921943!16s%2Fg%2F1ptwrv5cn!19sChIJ59lB3n6pNTERoXzxMpD5o_o?authuser=0&hl=en&rclk=1,Bibomart Nguyễn Văn Cừ,"76 Đ. Ngô Gia Tự, P, Long Biên, Hà Nội 100000",Open ⋅ Closes 10 PM,4.2,1800 6886,21.0592471,105.8921943
https://www.google.com/maps/place/H%E1%BB%87+Th%E1%BB%91ng+C%E1%BB%ADa+H%C3%A0ng+M%E1%BA%B9+v%C3%A0+B%C3%A9+Bibo+Mart+-+Th%E1%BA%BF+Gi%E1%BB%9Bi+%C4%90%E1%BB%93+S%C6%A1+Sinh+-+Tr%E1%BA%A1m+Tr%C3%B4i/data=!4m7!3m6!1s0x313455cba002d07f:0x95f8ffd7b7d94424!8m2!3d21.068562!4d105.7101796!16s%2Fg%2F11nym50srg!19sChIJf9ACoMtVNDERJETZt9f_-JU?authuser=0&hl=en&rclk=1,Hệ Thống Cửa Hàng Mẹ và Bé Bibo Mart - Thế Giới Đồ Sơ Sinh - Trạm Trôi,"TT. Trạm Trôi, Hoài Đức, Hanoi 10000",,,"3P96+C3 Hoài Đức, Hanoi",21.068562,105.7101796
https://www.google.com/maps/place/H%E1%BB%87+Th%E1%BB%91ng+C%E1%BB%ADa+H%C3%A0ng+M%E1%BA%B9+v%C3%A0+B%C3%A9+Bibo+Mart+-+Th%E1%BA%BF+Gi%E1%BB%9Bi+%C4%90%E1%BB%93+S%C6%A1+Sinh+-+Kh%C6%B0%C6%A1ng+%C4%90%C3%ACnh/data=!4m7!3m6!1s0x3135ad05d8b8df27:0xfb1bbb265dec707d!8m2!3d20.9932038!4d105.813768!16s%2Fg%2F11s3qchdx2!19sChIJJ9-42AWtNTERfXDsXSa7G_s?authuser=0&hl=en&rclk=1,Hệ Thống Cửa Hàng Mẹ và Bé Bibo Mart - Thế Giới Đồ Sơ Sinh - Khương Đình,"198 Đ. Khương Đình, Hạ Đình, Thanh Xuân, Hà Nội 10000",Open ⋅ Closes 10 PM,1.0,1800 6886,20.9932038,105.813768
https://www.google.com/maps/place/Bibomart/data=!4m7!3m6!1s0x3135add26291f50d:0x9fc8443a4791d9d3!8m2!3d20.9864558!4d105.783452!16s%2Fg%2F11rkgl6vk8!19sChIJDfWRYtKtNTER09mRRzpEyJ8?authuser=0&hl=en&rclk=1,Bibomart,,Open ⋅ Closes 10 PM,1.0,,20.9864558,105.783452
https://www.google.com/maps/place/H%E1%BB%87+Th%E1%BB%91ng+C%E1%BB%ADa+H%C3%A0ng+M%E1%BA%B9+v%C3%A0+B%C3%A9+Bibo+Mart+-+Th%E1%BA%BF+Gi%E1%BB%9Bi+%C4%90%E1%BB%93+S%C6%A1+Sinh+-+S%C3%A0i+%C4%90%E1%BB%93ng/data=!4m7!3m6!1s0x3135a968936c5685:0xe149f3146acd564b!8m2!3d21.0345006!4d105.9100894!16s%2Fg%2F11nm9t745x!19sChIJhVZsk2ipNTERS1bNahTzSeE?authuser=0&hl=en&rclk=1,Hệ Thống Cửa Hàng Mẹ và Bé Bibo Mart - Thế Giới Đồ Sơ Sinh - Sài Đồng,"51 P. Sài Đồng, TT. Sài Đồng, Long Biên, Hà Nội 100000",Open ⋅ Closes 10 PM,3.4,1800 6886,21.0345006,105.9100894
https://www.google.com/maps/place/H%E1%BB%87+Th%E1%BB%91ng+C%E1%BB%ADa+H%C3%A0ng+M%E1%BA%B9+v%C3%A0+B%C3%A9+Bibo+Mart+-+Th%E1%BA%BF+Gi%E1%BB%9Bi+%C4%90%E1%BB%93+S%C6%A1+Sinh+-+V%C4%83n+Kh%C3%AA/data=!4m7!3m6!1s0x3134539767abd1c9:0x5c72a4a23a20cfe5!8m2!3d20.9741156!4d105.7640435!16s%2Fg%2F11lfr0fwmn!19sChIJydGrZ5dTNDER5c8gOqKkclw?authuser=0&hl=en&rclk=1,Hệ Thống Cửa Hàng Mẹ và Bé Bibo Mart - Thế Giới Đồ Sơ Sinh - Văn Khê,"Số 4, LK 9, Văn Khê, La Khê, Hà Đông, Hà Nội",Open ⋅ Closes 10 PM,3.5,1800 6886,20.9741156,105.7640435
https://www.google.com/maps/place/H%E1%BB%87+Th%E1%BB%91ng+C%E1%BB%ADa+H%C3%A0ng+M%E1%BA%B9+v%C3%A0+B%C3%A9+Bibo+Mart+-+Th%E1%BA%BF+Gi%E1%BB%9Bi+%C4%90%E1%BB%93+S%C6%A1+Sinh+-+Ph%C3%B9ng+H%C6%B0ng/data=!4m7!3m6!1s0x3135ab6ab64ef3d7:0xdeb4333d63c9a9ee!8m2!3d20.9706582!4d105.7836953!16s%2Fg%2F11ptv7qq9w!19sChIJ1_NOtmqrNTER7qnJYz0ztN4?authuser=0&hl=en&rclk=1,Hệ Thống Cửa Hàng Mẹ và Bé Bibo Mart - Thế Giới Đồ Sơ Sinh - Phùng Hưng,"38 Đ. Phùng Hưng, P. Phúc La, Hà Đông, Hà Nội 10000",Open ⋅ Closes 10 PM,2.0,1800 6886,20.9706582,105.7836953
https://www.google.com/maps/place/H%E1%BB%87+Th%E1%BB%91ng+C%E1%BB%ADa+H%C3%A0ng+M%E1%BA%B9+v%C3%A0+B%C3%A9+Bibo+Mart+-+Th%E1%BA%BF+Gi%E1%BB%9Bi+%C4%90%E1%BB%93+S%C6%A1+Sinh+-+Ng%C3%B4+Xu%C3%A2n+Qu%E1%BA%A3ng/data=!4m7!3m6!1s0x3135a9d4f2294b09:0x5e7daaecf221a7fa!8m2!3d21.0175759!4d105.9367218!16s%2Fg%2F11qq017j72!19sChIJCUsp8tSpNTER-qch8uyqfV4?authuser=0&hl=en&rclk=1,Hệ Thống Cửa Hàng Mẹ và Bé Bibo Mart - Thế Giới Đồ Sơ Sinh - Ngô Xuân Quảng,"82 Ngô Xuân Quảng, Trâu Quỳ, Gia Lâm, Hà Nội 100000",Open ⋅ Closes 10 PM,5.0,1800 6886,21.0175759,105.9367218
https://www.google.com/maps/place/Shop+M%E1%BA%B9+bibo/data=!4m7!3m6!1s0x313454c7a12556d7:0x5b5907720bf899c1!8m2!3d21.0398426!4d105.767534!16s%2Fg%2F11c6w0t85y!19sChIJ11YlocdUNDERwZn4C3IHWVs?authuser=0&hl=en&rclk=1,Shop Mẹ bibo,"136 Đ. Hồ Tùng Mậu, Cầu Diễn, Từ Liêm, Hà Nội 100000",Open 24 hours,,"2QQ9+W2 Nam Từ Liêm, Hanoi",21.0398426,105.767534
https://www.google.com/maps/place/Kho+Bibo+Mart+H%C3%A0+N%E1%BB%99i/data=!4m7!3m6!1s0x313453f87bae610b:0xad0461c0a30f4bb9!8m2!3d21.0033047!4d105.7234646!16s%2Fg%2F11sw7013x0!19sChIJC2Gue_hTNDERuUsPo8BhBK0?authuser=0&hl=en&rclk=1,Kho Bibo Mart Hà Nội,"Km9 Nam An Khánh, An Phú, Hoài Đức, Hà Nội 10000",Closed ⋅ Opens 8 AM Mon,,1800 6886,21.0033047,105.7234646
https://www.google.com/maps/place/Si%C3%AAu+th%E1%BB%8B+m%E1%BA%B9+v%C3%A0+b%C3%A9+Bobbymart/data=!4m7!3m6!1s0x3135abed133b4dbb:0xac93641efaf71429!8m2!3d21.020179!4d105.854487!16s%2Fg%2F1q2w6lrgy!19sChIJu007E-2rNTERKRT3-h5kk6w?authuser=0&hl=en&rclk=1,Siêu thị mẹ và bé Bobbymart,"Sun City, P. Hai Bà Trưng, Phan Chu Trinh, Hoàn Kiếm, Hà Nội",Open ⋅ Closes 9:30 PM,,"2VC3+3Q Hoàn Kiếm, Hanoi",21.020179,105.854487
https://www.google.com/maps/place/C%E1%BB%ADa+H%C3%A0ng+%C4%90%E1%BB%93+Ch%C6%A1i+Tr%E1%BA%BB+Em+BiBo+Mart/data=!4m7!3m6!1s0x3135aba1d750c925:0xfc6fdfee8fe835e4!8m2!3d21.0330269!4d105.8326515!16s%2Fg%2F1pzqwl7ct!19sChIJJclQ16GrNTER5DXoj-7fb_w?authuser=0&hl=en&rclk=1,Cửa Hàng Đồ Chơi Trẻ Em BiBo Mart,"24, Phố Sơn Tây, Phường Kim Mã, Quận Ba Đình, Điện Biên, Ba Đình, Hà Nội",Open ⋅ Closes 10 PM,,"2RMM+63 Ba Đình, Hanoi",21.0330269,105.8326515
https://www.google.com/maps/place/Si%C3%AAu+th%E1%BB%8B+m%E1%BA%B9+b%E1%BA%A7u+v%C3%A0+em+b%C3%A9+KidsPlaza+211+Trung+K%C3%ADnh/data=!4m7!3m6!1s0x3135ab50c838b6df:0x46f384094fb353f3!8m2!3d21.0193902!4d105.7921987!16s%2Fg%2F11dxbjszv2!19sChIJ37Y4yFCrNTER81OzTwmE80Y?authuser=0&hl=en&rclk=1,Siêu thị mẹ bầu và em bé KidsPlaza 211 Trung Kính,"211 P. Trung Kính, Yên Hoà, Cầu Giấy, Hà Nội 100000",Open ⋅ Closes 10 PM,4.4,024 6682 9977,21.0193902,105.7921987
https://www.google.com/maps/place/Bibomart/data=!4m7!3m6!1s0x3135acc70d64c311:0x739f2a42ecc85f2b!8m2!3d20.9877244!4d105.7974446!16s%2Fg%2F11sgzwm4sh!19sChIJEcNkDcesNTERK1_I7EIqn3M?authuser=0&hl=en&rclk=1,Bibomart,,,,,20.9877244,105.7974446
https://www.google.com/maps/place/Bibo+Mart/data=!4m7!3m6!1s0x3135ab3d02bac053:0x72b8358fc30cae43!8m2!3d21.0440556!4d105.8026416!16s%2Fg%2F11f3t_gqtw!19sChIJU8C6Aj2rNTERQ64Mw481uHI?authuser=0&hl=en&rclk=1,Bibo Mart,,Temporarily closed,3.0,,21.0440556,105.8026416
https://www.google.com/maps/place/Kids+Plaza/data=!4m7!3m6!1s0x3135ab0ae8ff787b:0x753e2c99a380b7a6!8m2!3d21.0342524!4d105.8272627!16s%2Fg%2F1hm4jj1v9!19sChIJe3j_6AqrNTERpreAo5ksPnU?authuser=0&hl=en&rclk=1,Kids Plaza,,Open ⋅ Closes 10 PM,3.7,,21.0342524,105.8272627
https://www.google.com/maps/place/Si%C3%AAu+th%E1%BB%8B+m%E1%BA%B9+b%E1%BA%A7u+v%C3%A0+em+b%C3%A9+KidsPlaza+27+Tr%E1%BA%A7n+Duy+H%C6%B0ng/data=!4m7!3m6!1s0x3135abc882ddf3b1:0x8fd6f0844df7b95b!8m2!3d21.0132018!4d105.8028691!16s%2Fg%2F11h67v41wc!19sChIJsfPdgsirNTERW7n3TYTw1o8?authuser=0&hl=en&rclk=1,Siêu thị mẹ bầu và em bé KidsPlaza 27 Trần Duy Hưng,"27 Đ. Trần Duy Hưng, Trung Hoà, Cầu Giấy, Hà Nội 100000",Open ⋅ Closes 10 PM,3.9,024 3556 5566,21.0132018,105.8028691
https://www.google.com/maps/place/Mother+and+baby+shop+Kids+Plaza+340+Bach+Mai/data=!4m7!3m6!1s0x3135ac73621b3233:0x36b2dfbc049523ac!8m2!3d21.0181709!4d105.8550556!16s%2Fg%2F11c1t560k2!19sChIJMzIbYnOsNTERrCOVBLzfsjY?authuser=0&hl=en&rclk=1,Mother and baby shop Kids Plaza 340 Bach Mai,"4 P. Lò Đúc, Ngô Thì Nhậm, Hai Bà Trưng, Hà Nội 100000",Open ⋅ Closes 9:30 PM,4.0,"2V94+72 Hai Bà Trưng District, Hanoi",21.0181709,105.8550556
https://www.google.com/maps/place/Si%C3%AAu+th%E1%BB%8B+m%E1%BA%B9+b%E1%BA%A7u+v%C3%A0+em+b%C3%A9+KidsPlaza+52+V%C5%A9+Tr%E1%BB%8Dng+Ph%E1%BB%A5ng/data=!4m7!3m6!1s0x3135ad29fa4e2ba5:0x99735f808f0a3ede!8m2!3d20.9980478!4d105.8093403!16s%2Fg%2F11h8wr6c86!19sChIJpStO-imtNTER3j4Kj4Bfc5k?authuser=0&hl=en&rclk=1,Siêu thị mẹ bầu và em bé KidsPlaza 52 Vũ Trọng Phụng,"52 Đ. Vũ Trọng Phụng, Thanh Xuân Trung, Thanh Xuân, Hà Nội 100000",Open ⋅ Closes 10 PM,4.6,0936 197 433,20.9980478,105.8093403
https://www.google.com/maps/place/Si%C3%AAu+th%E1%BB%8B+m%E1%BA%B9+b%E1%BA%A7u+v%C3%A0+em+b%C3%A9+KidsPlaza+T%C3%B4+Hi%E1%BB%87u/data=!4m7!3m6!1s0x3135ab0aba33769f:0xbeeeaba1ee8f9e77!8m2!3d21.0415031!4d105.7906962!16s%2Fg%2F11sysgd8jj!19sChIJn3YzugqrNTERd56P7qGr7r4?authuser=0&hl=en&rclk=1,Siêu thị mẹ bầu và em bé KidsPlaza Tô Hiệu,"301 P. Tô Hiệu, Dịch Vọng, Cầu Giấy, Hà Nội",Open ⋅ Closes 10 PM,4.2,0934 683 100,21.0415031,105.7906962
https://www.google.com/maps/place/Kids+Plaza+Nguy%E1%BB%85n+Ho%C3%A0ng/data=!4m7!3m6!1s0x313455aee8c9b88f:0x723dffd818840b8c!8m2!3d21.0302455!4d105.7751977!16s%2Fg%2F11j3x4kn1r!19sChIJj7jJ6K5VNDERjAuEGNj_PXI?authuser=0&hl=en&rclk=1,Kids Plaza Nguyễn Hoàng,,Open ⋅ Closes 10 PM,4.1,,21.0302455,105.7751977
https://www.google.com/maps/place/Si%C3%AAu+th%E1%BB%8B+m%E1%BA%B9+b%E1%BA%A7u+v%C3%A0+em+b%C3%A9+KidsPlaza+47+C%E1%BB%95+Nhu%E1%BA%BF/data=!4m7!3m6!1s0x3134551a6b5aee05:0xf053fcf4fcdab94f!8m2!3d21.0598968!4d105.7823021!16s%2Fg%2F11h1lthhnm!19sChIJBe5aaxpVNDERT7na_PT8U_A?authuser=0&hl=en&rclk=1,Siêu thị mẹ bầu và em bé KidsPlaza 47 Cổ Nhuế,"47 Đ. Cổ Nhuế, Cổ Nhuế, Hà Nội, 100000",Open ⋅ Closes 10 PM,4.0,0901 738 633,21.0598968,105.7823021
https://www.google.com/maps/place/Si%C3%AAu+th%E1%BB%8B+M%E1%BA%B9+b%E1%BA%A7u+v%C3%A0+Em+b%C3%A9+KidsPlaza+1048+%C4%90%C3%AA+La+Th%C3%A0nh/data=!4m7!3m6!1s0x3135ab69ee217181:0x2d8561c46fb7b589!8m2!3d21.0267941!4d105.8099262!16s%2Fg%2F11c70dn8v_!19sChIJgXEh7mmrNTERibW3b8RhhS0?authuser=0&hl=en&rclk=1,Siêu thị Mẹ bầu và Em bé KidsPlaza 1048 Đê La Thành,"1048 Đ. La Thành, Láng Thượng, Ba Đình, Hà Nội 100000",Open ⋅ Closes 10 PM,4.2,024 6652 6600,21.0267941,105.8099262
"https://www.google.com/maps/place/H%E1%BB%87+th%E1%BB%91ng+c%E1%BB%ADa+h%C3%A0ng+M%E1%BA%B9+b%E1%BA%A7u+%26+Em+b%C3%A9+Kids+PLaza+s%E1%BB%91+220+%C4%90%E1%BB%8Bnh+C%C3%B4ng+H%E1%BA%A1,+Thanh+Xu%C3%A2n,+H%C3%A0+N%E1%BB%99i/data=!4m7!3m6!1s0x3135abe839007399:0x3af2bc1f61a047ba!8m2!3d20.9842321!4d105.8244101!16s%2Fg%2F11j38j_hlw!19sChIJmXMAOeirNTERukegYR-88jo?authuser=0&hl=en&rclk=1","Hệ thống cửa hàng Mẹ bầu & Em bé Kids PLaza số 220 Định Công Hạ, Thanh Xuân, Hà Nội","220 Định Công Hạ, Định Công, Thanh Xuân, Hà Nội 100000",Open ⋅ Closes 10 PM,4.9,024 7300 0606 ext. 3064,20.9842321,105.8244101
https://www.google.com/maps/place/Si%C3%AAu+th%E1%BB%8B+m%E1%BA%B9+v%C3%A0+b%C3%A9+KidsPlaza+104A+T%C3%B4n+Th%E1%BA%A5t+T%C3%B9ng/data=!4m7!3m6!1s0x3135ac7d800bb291:0x3901562811139bf1!8m2!3d21.006051!4d105.8308676!16s%2Fg%2F11c1txqymd!19sChIJkbILgH2sNTER8ZsTEShWATk?authuser=0&hl=en&rclk=1,Siêu thị mẹ và bé KidsPlaza 104A Tôn Thất Tùng,"104A P. Tôn Thất Tùng, Kim Liên, Đống Đa, Hà Nội 100000",Open ⋅ Closes 9:30 PM,4.1,"2R4J+C8 Đống Đa, Hanoi",21.006051,105.8308676
https://www.google.com/maps/place/Si%C3%AAu+th%E1%BB%8B+m%E1%BA%B9+b%E1%BA%A7u+v%C3%A0+em+b%C3%A9+Kids+Plaza+Tr%E1%BA%A7n+Th%C3%A1i+T%C3%B4ng/data=!4m7!3m6!1s0x3135ab3f1270d933:0x94f27582840608e9!8m2!3d21.0347745!4d105.7893698!16s%2Fg%2F12616zq2p!19sChIJM9lwEj-rNTER6QgGhIJ18pQ?authuser=0&hl=en&rclk=1,Siêu thị mẹ bầu và em bé Kids Plaza Trần Thái Tông,"41 P.Trần Thái Tông, Dịch Vọng, Cầu Giấy, Hà Nội",Open ⋅ Closes 10 PM,3.9,"2QMQ+WP Cầu Giấy, Hanoi",21.0347745,105.7893698
https://www.google.com/maps/place/H%E1%BB%87+th%E1%BB%91ng+c%E1%BB%ADa+h%C3%A0ng+m%E1%BA%B9+b%E1%BA%A7u+v%C3%A0+em+b%C3%A9+Kids+Plaza+H%E1%BB%93+T%C3%B9ng+M%E1%BA%ADu+H%C3%A0+N%E1%BB%99i/data=!4m7!3m6!1s0x313455e6554a5b73:0x48189eb3b2de61fc!8m2!3d21.0403127!4d105.76645!16s%2Fg%2F11lh5flys_!19sChIJc1tKVeZVNDER_GHesrOeGEg?authuser=0&hl=en&rclk=1,Hệ thống cửa hàng mẹ bầu và em bé Kids Plaza Hồ Tùng Mậu Hà Nội,"Đ. Hồ Tùng Mậu/242 Quận, Cầu Diễn, Bắc Từ Liêm, Hà Nội 100000",Open ⋅ Closes 10 PM,5.0,"2QR8+4H Bac Tu Liem, Hanoi",21.0403127,105.76645
https://www.google.com/maps/place/Si%C3%AAu+th%E1%BB%8B+m%E1%BA%B9+b%E1%BA%A7u+v%C3%A0+em+b%C3%A9+KidsPlaza+Hai+B%C3%A0+Tr%C6%B0ng/data=!4m7!3m6!1s0x3135abadba1178bd:0x807c0725524209b1!8m2!3d21.051026!4d105.838628!16s%2Fg%2F11c5rs1rf1!19sChIJvXgRuq2rNTERsQlCUiUHfIA?authuser=0&hl=en&rclk=1,Siêu thị mẹ bầu và em bé KidsPlaza Hai Bà Trưng,"20 Hai Bà Trưng, Hoàn Kiếm, Hà Nội, 100000",Open ⋅ Closes 10 PM,1.0,"3R2Q+CF Tây Hồ, Hanoi",21.051026,105.838628
https://www.google.com/maps/place/Kids+Plaza/data=!4m7!3m6!1s0x3135ac83c7c03537:0xd3ce90de6dadc4e9!8m2!3d21.0061731!4d105.8222008!16s%2Fg%2F11c56zs94q!19sChIJNzXAx4OsNTER6cStbd6QztM?authuser=0&hl=en&rclk=1,Kids Plaza,"20 P. Thái Thịnh, Ngã Tư Sở, Đống Đa, Hà Nội 100000",Open ⋅ Closes 10 PM,4.1,"2R4C+FV Đống Đa, Hanoi",21.0061731,105.8222008
"https://www.google.com/maps/place/H%E1%BB%87+th%E1%BB%91ng+M%E1%BA%B9+b%E1%BA%A7u+%26+Em+b%C3%A9+Kids+Plaza+128+Ph%E1%BB%91+X%E1%BB%91m,+P.Ph%C3%BA+L%C3%A3m+,+Q.H%C3%A0+%C4%90%C3%B4ng/data=!4m7!3m6!1s0x313453c0253ae4ff:0x3e14141d4d17a9fa!8m2!3d20.9425677!4d105.7566532!16s%2Fg%2F11frhjn3v_!19sChIJ_-Q6JcBTNDER-qkXTR0UFD4?authuser=0&hl=en&rclk=1","Hệ thống Mẹ bầu & Em bé Kids Plaza 128 Phố Xốm, P.Phú Lãm , Q.Hà Đông","128 P. Xốm, Phú Lâm, Hà Đông, Hà Nội 100000",Open ⋅ Closes 10 PM,4.1,024 3293 9064,20.9425677,105.7566532
https://www.google.com/maps/place/Si%C3%AAu+th%E1%BB%8B+m%E1%BA%B9+b%E1%BA%A7u+v%C3%A0+em+b%C3%A9+KidsPlaza+V%C6%B0%C6%A1ng+Th%E1%BB%ABa+V%C5%A9/data=!4m7!3m6!1s0x3135ac07b9441ecb:0xa921f28514abae74!8m2!3d21.0007067!4d105.8223934!16s%2Fg%2F11c5rr_np4!19sChIJyx5EuQesNTERdK6rFIXyIak?authuser=0&hl=en&rclk=1,Siêu thị mẹ bầu và em bé KidsPlaza Vương Thừa Vũ,"21 P. Vương Thừa Vũ, Khương Thượng, Thanh Xuân, Hà Nội 100000",Open ⋅ Closes 10 PM,4.0,"2R2C+7X Thanh Xuân, Hanoi",21.0007067,105.8223934
"https://www.google.com/maps/place/H%E1%BB%87+th%E1%BB%91ng+c%E1%BB%ADa+h%C3%A0ng+M%E1%BA%B9+b%E1%BA%A7u+%26+Em+b%C3%A9+Kids+Plaza+s%E1%BB%91+6+Kim+Ng%C6%B0u,+Thanh+Nh%C3%A0n,+Hai+B%C3%A0+Tr%C6%B0ng/data=!4m7!3m6!1s0x3135ab5abf313561:0x7c7dd68412cc60f!8m2!3d21.0087425!4d105.8605906!16s%2Fg%2F11fm9sy084!19sChIJYTUxv1qrNTERD8YsQWjdxwc?authuser=0&hl=en&rclk=1","Hệ thống cửa hàng Mẹ bầu & Em bé Kids Plaza số 6 Kim Ngưu, Thanh Nhàn, Hai Bà Trưng","6 P. Kim Ngưu, Vĩnh Tuy, Hai Bà Trưng, Hà Nội 100000",Open ⋅ Closes 10 PM,3.4,024 7106 6662,21.0087425,105.8605906
https://www.google.com/maps/place/Si%C3%AAu+th%E1%BB%8B+m%E1%BA%B9+b%E1%BA%A7u+v%C3%A0+em+b%C3%A9+KidsPlaza+90+Nguy%E1%BB%85n+Kh%C3%A1nh+To%C3%A0n/data=!4m7!3m6!1s0x3135ab48716b6dc7:0x40bb1513ee32ddc8!8m2!3d21.0370801!4d105.8021438!16s%2Fg%2F11c5rqfs87!19sChIJx21rcUirNTERyN0y7hMVu0A?authuser=0&hl=en&rclk=1,Siêu thị mẹ bầu và em bé KidsPlaza 90 Nguyễn Khánh Toàn,"90 Đ. Nguyễn Khánh Toàn, Quan Hoa, Cầu Giấy, Hà Nội 100000",Open ⋅ Closes 10 PM,2.7,"2RP2+RV Cầu Giấy, Hanoi",21.0370801,105.8021438
https://www.google.com/maps/place/Mother+and+baby+shop+Kids+Plaza/data=!4m7!3m6!1s0x3135abada52d6c23:0x59f8cb0fd4d4457d!8m2!3d21.0510712!4d105.8389977!16s%2Fg%2F11c1s6xqs5!19sChIJI2wtpa2rNTERfUXU1A_L-Fk?authuser=0&hl=en&rclk=1,Mother and baby shop Kids Plaza,"16 Đ. Yên Phụ, Yên Phụ, Tây Hồ, Hà Nội",Open ⋅ Closes 9:30 PM,4.0,"3R2Q+CH Tây Hồ, Hanoi",21.0510712,105.8389977
https://www.google.com/maps/place/Kids+Plaza/data=!4m7!3m6!1s0x3135ac044175c027:0x7b185a3e2244c64f!8m2!3d20.9972416!4d105.8657339!16s%2Fg%2F11c56rtc44!19sChIJJ8B1QQSsNTERT8ZEIj5aGHs?authuser=0&hl=en&rclk=1,Kids Plaza,"446 P. Minh Khai, Vĩnh Phú, Hai Bà Trưng, Hà Nội",Open ⋅ Closes 9:30 PM,3.8,"XVW8+V7 Hai Bà Trưng District, Hanoi",20.9972416,105.8657339
https://www.google.com/maps/place/Mother+And+Baby+Shop+Kids+Plaza+35+Van+Phuc/data=!4m7!3m6!1s0x313453306b60a487:0xa809f93aa9e21e2b!8m2!3d20.9818483!4d105.7710655!16s%2Fg%2F11cs2hrmz0!19sChIJh6RgazBTNDERKx7iqTr5Cag?authuser=0&hl=en&rclk=1,Mother And Baby Shop Kids Plaza 35 Van Phuc,"158 đường 430, Vạn Phúc, Hà Đông, Hà Nội 100000",Open ⋅ Closes 10 PM,4.3,,20.9818483,105.7710655
https://www.google.com/maps/place/Si%C3%AAu+th%E1%BB%8B+m%E1%BA%B9+b%E1%BA%A7u+v%C3%A0+em+b%C3%A9+Kids+Plaza+M%E1%BA%ADu+L%C6%B0%C6%A1ng/data=!4m7!3m6!1s0x3135ad5f72f11d67:0x4e28566f0b2a872d!8m2!3d20.9567103!4d105.7928728!16s%2Fg%2F11fs_xff46!19sChIJZx3xcl-tNTERLYcqC29WKE4?authuser=0&hl=en&rclk=1,Siêu thị mẹ bầu và em bé Kids Plaza Mậu Lương,"9 P. Mậu Lương, P, Hà Đông, Hà Nội 100000",Open ⋅ Closes 10 PM,4.8,0934 454 033,20.9567103,105.7928728
https://www.google.com/maps/place/Si%C3%AAu+th%E1%BB%8B+m%E1%BA%B9+b%E1%BA%A7u+v%C3%A0+em+b%C3%A9+KidsPlaza+X%C3%A3+%C4%90%C3%A0n/data=!4m7!3m6!1s0x3135ac7499432b77:0x362f6c5c0142f462!8m2!3d21.0148121!4d105.8339473!16s%2Fg%2F11c2kd7vqv!19sChIJdytDmXSsNTERYvRCAVxsLzY?authuser=0&hl=en&rclk=1,Siêu thị mẹ bầu và em bé KidsPlaza Xã Đàn,"374 P. Xã Đàn, Nam Đồng, Đống Đa, Hà Nội 100000",Open ⋅ Closes 10 PM,3.5,"2R7M+WH Đống Đa, Hanoi",21.0148121,105.8339473
https://www.google.com/maps/place/Si%C3%AAu+th%E1%BB%8B+m%E1%BA%B9+b%E1%BA%A7u+v%C3%A0+em+b%C3%A9+Kids+Plaza+Nguy%E1%BB%85n+Xi%E1%BB%83n/data=!4m7!3m6!1s0x3135ad9799837407:0x716fda8e88858267!8m2!3d20.9907718!4d105.8032483!16s%2Fg%2F11j6v2bv8b!19sChIJB3SDmZetNTERZ4KFiI7ab3E?authuser=0&hl=en&rclk=1,Siêu thị mẹ bầu và em bé Kids Plaza Nguyễn Xiển,"Số 22 Đ. Nguyễn Xiển, Thanh Xuân Nam, Thanh Xuân, Hà Nội 10000",Open ⋅ Closes 10 PM,4.3,024 3577 8666,20.9907718,105.8032483
https://www.google.com/maps/place/Si%C3%AAu+th%E1%BB%8B+m%E1%BA%B9+v%C3%A0+b%C3%A9+KidsPlaza+193+T%C3%A2y+M%E1%BB%97/data=!4m7!3m6!1s0x31345333e5ed1d83:0x4e2922ba42f4d878!8m2!3d20.998185!4d105.751788!16s%2Fg%2F11svndckjd!19sChIJgx3t5TNTNDEReNj0QroiKU4?authuser=0&hl=en&rclk=1,Siêu thị mẹ và bé KidsPlaza 193 Tây Mỗ,"193 Đ. Tây Mỗ, P, Nam Từ Liêm, Hà Nội 100000",Open ⋅ Closes 10 PM,5.0,024 7300 0606 ext. 3089,20.998185,105.751788
https://www.google.com/maps/place/H%E1%BB%87+Th%E1%BB%91ng+C%E1%BB%ADa+H%C3%A0ng+M%E1%BA%B9+%26+B%C3%A9+Kids+Plaza/data=!4m7!3m6!1s0x3135ac73667835a7:0x7e45c5ee3059f7b2!8m2!3d21.000722!4d105.8504591!16s%2Fg%2F11btrr28h6!19sChIJpzV4ZnOsNTERsvdZMO7FRX4?authuser=0&hl=en&rclk=1,Hệ Thống Cửa Hàng Mẹ & Bé Kids Plaza,"350 P. Bạch Mai, Bạch Mai, Hai Bà Trưng, Hà Nội",Open ⋅ Closes 10:15 PM,3.0,"2V22+75 Hai Bà Trưng District, Hanoi",21.000722,105.8504591
https://www.google.com/maps/place/Si%C3%AAu+th%E1%BB%8B+m%E1%BA%B9+b%E1%BA%A7u+v%C3%A0+em+b%C3%A9+KidsPlaza+66+Nguy%E1%BB%85n+Khuy%E1%BA%BFn+-+H%C3%A0+%C4%90%C3%B4ng/data=!4m7!3m6!1s0x3135acd18b59bfd1:0x1fa5e9320a91e7af!8m2!3d20.9769707!4d105.7881272!16s%2Fg%2F11btrs6dpz!19sChIJ0b9Zi9GsNTERr-eRCjLppR8?authuser=0&hl=en&rclk=1,Siêu thị mẹ bầu và em bé KidsPlaza 66 Nguyễn Khuyến - Hà Đông,"66 Nguyễn Khuyến, P. Văn Quán, Hà Đông, Hà Nội 100000",Open ⋅ Closes 10 PM,4.1,"XQGQ+Q7 Hà Đông, Hanoi",20.9769707,105.7881272
https://www.google.com/maps/place/Si%C3%AAu+th%E1%BB%8B+m%E1%BA%B9+b%E1%BA%A7u+v%C3%A0+em+b%C3%A9+KidsPlaza+Nguy%E1%BB%85n+H%E1%BB%AFu+Th%E1%BB%8D/data=!4m7!3m6!1s0x3135ad6525ce55d3:0xaaafd5f2435e417a!8m2!3d20.9697017!4d105.8298972!16s%2Fg%2F11f9g7yxjj!19sChIJ01XOJWWtNTERekFeQ_LVr6o?authuser=0&hl=en&rclk=1,Siêu thị mẹ bầu và em bé KidsPlaza Nguyễn Hữu Thọ,"4 Nguyễn Hữu Thọ, Khu đô thị Bắc Linh Đàm, Hoàng Mai, Hà Nội 100000",Open ⋅ Closes 10 PM,4.0,"XR9H+VX Hoàng Mai, Hanoi",20.9697017,105.8298972
https://www.google.com/maps/place/Kids+Plaza/data=!4m7!3m6!1s0x3135ac051f6df4c9:0xb8b86d822b49934b!8m2!3d20.9939747!4d105.8691263!16s%2Fg%2F11c2khv0z3!19sChIJyfRtHwWsNTERS5NJK4JtuLg?authuser=0&hl=en&rclk=1,Kids Plaza,"458 P. Minh Khai, Vĩnh Phú, Hai Bà Trưng, Hà Nội",Open ⋅ Closes 10 PM,3.7,024 6254 1124,20.9939747,105.8691263
https://www.google.com/maps/place/Si%C3%AAu+th%E1%BB%8B+m%E1%BA%B9+b%E1%BA%A7u+v%C3%A0+em+b%C3%A9+KidsPlaza+174+L%E1%BA%A1c+Long+Qu%C3%A2n/data=!4m7!3m6!1s0x3135ab1ecad4cea9:0x31093a416989ebb7!8m2!3d21.0518204!4d105.8090785!16s%2Fg%2F11c1s4tkng!19sChIJqc7Uyh6rNTERt-uJaUE6CTE?authuser=0&hl=en&rclk=1,Siêu thị mẹ bầu và em bé KidsPlaza 174 Lạc Long Quân,"174 Đ. Lạc Long Quân, Bưởi, Tây Hồ, Hà Nội 100000",Open ⋅ Closes 10 PM,4.6,"3R25+PJ Tây Hồ, Hanoi",21.0518204,105.8090785
https://www.google.com/maps/place/C%E1%BB%ADa+h%C3%A0ng+M%E1%BA%B9+v%C3%A0+B%C3%A9+Kids+Plaza+43+L%E1%BA%A1c+Trung/data=!4m7!3m6!1s0x3135ac064b1c4291:0xd7d61d1848f5345e!8m2!3d21.0030771!4d105.8657197!16s%2Fg%2F11c1skdvmt!19sChIJkUIcSwasNTERXjT1SBgd1tc?authuser=0&hl=en&rclk=1,Cửa hàng Mẹ và Bé Kids Plaza 43 Lạc Trung,"43 P. Lạc Trung, Vĩnh Tuy, Hai Bà Trưng, Hà Nội",Open ⋅ Closes 9:30 PM,4.3,"2V38+67 Hai Bà Trưng District, Hanoi",21.0030771,105.8657197
https://www.google.com/maps/place/Si%C3%AAu+th%E1%BB%8B+m%E1%BA%B9+b%E1%BA%A7u+v%C3%A0+em+b%C3%A9+Kids+Plaza+182B+L%E1%BA%A1c+Trung/data=!4m7!3m6!1s0x3135ac05a60cb53f:0x813e0afda5ca269!8m2!3d21.0030822!4d105.8658739!16s%2Fg%2F11csqh0x2n!19sChIJP7UMpgWsNTERaaJc2q_gEwg?authuser=0&hl=en&rclk=1,Siêu thị mẹ bầu và em bé Kids Plaza 182B Lạc Trung,"182 P. Lạc Trung, Thanh Lương, Hai Bà Trưng, Hà Nội 100000",Open ⋅ Closes 10 PM,3.9,"2V38+68 Hai Bà Trưng District, Hanoi",21.0030822,105.8658739
https://www.google.com/maps/place/C%E1%BB%ADa+H%C3%A0ng+M%E1%BA%B9+v%C3%A0+B%C3%A9+Kids+Plaza/data=!4m7!3m6!1s0x3134532bc5baad31:0xcfacfb6745bcde83!8m2!3d20.9714111!4d105.7760619!16s%2Fg%2F11c57m3x_r!19sChIJMa26xStTNDERg968RWf7rM8?authuser=0&hl=en&rclk=1,Cửa Hàng Mẹ và Bé Kids Plaza,"20 Đ. Quang Trung, P. Nguyễn Trãi, Hà Đông, Hà Nội 100000",Open ⋅ Closes 9:30 PM,4.2,"XQCG+HC Hà Đông, Hanoi",20.9714111,105.7760619
https://www.google.com/maps/place/C%E1%BB%ADa+H%C3%A0ng+Kids+Plaza/data=!4m7!3m6!1s0x3135ac7e4e43e02b:0x1c74be58d28496a9!8m2!3d21.00591!4d105.8311464!16s%2Fg%2F11ddytztwv!19sChIJK-BDTn6sNTERqZaE0li-dBw?authuser=0&hl=en&rclk=1,Cửa Hàng Kids Plaza,"100-A12, Tôn Thất Tùng, Quận Đống Đa, Thành Phố Hà Nội, Kim Liên, Đống Đa, Hà Nội 100000",Open ⋅ Closes 9:30 PM,,"2R4J+9F Đống Đa, Hanoi",21.00591,105.8311464
https://www.google.com/maps/place/H%E1%BB%87+th%E1%BB%91ng+c%E1%BB%ADa+h%C3%A0ng+M%E1%BA%B9+b%E1%BA%A7u+%26+Em+b%C3%A9+Kids+Plaza+Kiot+4+-+6+t%E1%BA%A7ng+1+HH03A+Khu+%C4%90T+Thanh+H%C3%A0+%E2%80%93+H%C3%A0+%C4%90%C3%B4ng/data=!4m7!3m6!1s0x313453c7ec244b0d:0xbe3f5689a3aaa086!8m2!3d20.955835!4d105.7563658!16s%2Fg%2F11h807r5rg!19sChIJDUsk7MdTNDERhqCqo4lWP74?authuser=0&hl=en&rclk=1,Hệ thống cửa hàng Mẹ bầu & Em bé Kids Plaza Kiot 4 - 6 tầng 1 HH03A Khu ĐT Thanh Hà – Hà Đông,"Kiot 4 - 6 tầng 1 HH03A Khu ĐT Thanh, Hà Đông, Hà Nội 100000",Open ⋅ Closes 10 PM,5.0,024 7105 5550,20.955835,105.7563658
https://www.google.com/maps/place/Si%C3%AAu+th%E1%BB%8B+m%E1%BA%B9+b%E1%BA%A7u+v%C3%A0+em+b%C3%A9+KidsPlaza+HH4B+Linh+%C4%90%C3%A0m/data=!4m7!3m6!1s0x3134532bd1486f03:0x1396a7b85ca57b3e!8m2!3d20.9632592!4d105.8263203!16s%2Fg%2F11c1tz0sp7!19sChIJA29I0StTNDERPnulXLinlhM?authuser=0&hl=en&rclk=1,Siêu thị mẹ bầu và em bé KidsPlaza HH4B Linh Đàm,"HH4B Linh Đàm, P. Linh Đ., Hoàng Liệt, Hoàng Mai, Hà Nội 100000",Open ⋅ Closes 10 PM,3.8,"XR7G+8G Hoàng Mai, Hanoi",20.9632592,105.8263203
https://www.google.com/maps/place/Kidsplaza+410+Quang+Trung/data=!4m7!3m6!1s0x313452dbee737dc7:0xa189096b299a0f19!8m2!3d20.9627002!4d105.7650062!16s%2Fg%2F11c2jzbplz!19sChIJx31z7ttSNDERGQ-aKWsJiaE?authuser=0&hl=en&rclk=1,Kidsplaza 410 Quang Trung,"410 Đ. Quang Trung, La Khê, Hà Đông, Hà Nội",Open ⋅ Closes 10 PM,4.2,024 3293 9215,20.9627002,105.7650062
https://www.google.com/maps/place/Si%C3%AAu+th%E1%BB%8B+M%E1%BA%B9+b%E1%BA%A7u+v%C3%A0+em+b%C3%A9+KidsPlaza+28+Kh%C6%B0%C6%A1ng+Trung/data=!4m7!3m6!1s0x3135adc4bc08d153:0xc1baaed34a627197!8m2!3d20.9987229!4d105.8186711!16s%2Fg%2F11rtvrz95z!19sChIJU9EIvMStNTERl3FiStOuusE?authuser=0&hl=en&rclk=1,Siêu thị Mẹ bầu và em bé KidsPlaza 28 Khương Trung,"28 P.Khương Trung, Khương Trung, Thanh Xuân, Hà Nội",Open ⋅ Closes 10 PM,3.9,024 7300 0606,20.9987229,105.8186711
https://www.google.com/maps/place/%C4%90%E1%BB%93+s%C6%A1+sinh+m%C3%B9a+h%C3%A8+-+Kids+Plaza+-+Combo+%C4%91%E1%BB%93+s%C6%A1+sinh+m%C3%B9a+h%C3%A8+b%C3%A9+trai+b%C3%A9+g%C3%A1i/data=!4m7!3m6!1s0x3135ad28ef4a0313:0xd3d0b02739bd8c0b!8m2!3d20.9978737!4d105.795412!16s%2Fg%2F11j6gqyy0v!19sChIJEwNK7yitNTERC4y9OSew0NM?authuser=0&hl=en&rclk=1,Đồ sơ sinh mùa hè - Kids Plaza - Combo đồ sơ sinh mùa hè bé trai bé gái,"Tòa Nhà HH2 Bắc Hà, P. Tố Hữu, Trung Văn, Nam Từ Liêm, Hà Nội 10000",Open ⋅ Closes 10 PM,4.9,,20.9978737,105.795412
https://www.google.com/maps/place/Kids+Plaza+Store+Support+Office/data=!4m7!3m6!1s0x313453c84e191761:0x33309104b63234f8!8m2!3d20.9798769!4d105.7675987!16s%2Fg%2F11gmxx9tqp!19sChIJYRcZTshTNDER-DQytgSRMDM?authuser=0&hl=en&rclk=1,Kids Plaza Store Support Office,"C, TT9-6, Khu nhà ở Him Lam, Hà Đông, Hà Nội 100000",Closed ⋅ Opens 8 AM Mon,4.0,024 7300 0606,20.9798769,105.7675987
